episode_reward_max,episode_reward_min,episode_reward_mean,episode_len_mean,episodes_this_iter,num_healthy_workers,timesteps_total,timesteps_this_iter,agent_timesteps_total,done,episodes_total,training_iteration,trial_id,experiment_id,date,timestamp,time_this_iter_s,time_total_s,pid,hostname,node_ip,time_since_restore,timesteps_since_restore,iterations_since_restore,hist_stats/episode_reward,hist_stats/episode_lengths,timers/sample_time_ms,timers/sample_throughput,timers/load_time_ms,timers/load_throughput,timers/learn_time_ms,timers/learn_throughput,timers/update_time_ms,info/num_steps_sampled,info/num_agent_steps_sampled,info/num_steps_trained,info/num_agent_steps_trained,perf/cpu_util_percent,perf/ram_util_percent,info/learner/default_policy/learner_stats/allreduce_latency,info/learner/default_policy/learner_stats/grad_gnorm,info/learner/default_policy/learner_stats/policy_entropy,info/learner/default_policy/learner_stats/policy_loss,info/learner/default_policy/learner_stats/vf_loss
nan,nan,nan,nan,0,4,5120,0,5120,False,0,1,6184f_00000,f2b91da2b7784e16a8a98abdfbd268d1,2024-06-12_13-22-31,1718166151,1.3196165561676025,1.3196165561676025,76400,DESKTOP-LQ219J4,192.168.46.185,1.3196165561676025,0,1,[],[],1252.105,4089.114,0.228,22439745.538,72.948,70186.544,2.373,5120,5120,5120,5120,7.75,22.35,0.0,15.923463,8047.1708984375,7.4039435386657715,1.4888436794281006
3.0,0.0,1.35,500.0,20,4,46080,0,46080,False,20,2,6184f_00000,f2b91da2b7784e16a8a98abdfbd268d1,2024-06-12_13-22-41,1718166161,10.383549213409424,11.703165769577026,76400,DESKTOP-LQ219J4,192.168.46.185,11.703165769577026,0,2,"[0.0, 1.0, 1.0, 0.0, 2.0, 0.0, 1.0, 3.0, 1.0, 1.0, 1.0, 2.0, 3.0, 2.0, 1.0, 1.0, 3.0, 3.0, 1.0, 0.0]","[500, 500, 500, 500, 500, 500, 500, 500, 500, 500, 500, 500, 500, 500, 500, 500, 500, 500, 500, 500]",1294.839,3954.159,0.116,44045927.147,66.397,77111.943,2.641,46080,46080,46080,46080,4.226666666666666,23.24666666666667,0.0,36.51645,8042.197265625,-6.424854278564453,11.658124923706055
3.0,0.0,1.2,500.0,20,4,87040,0,87040,False,40,3,6184f_00000,f2b91da2b7784e16a8a98abdfbd268d1,2024-06-12_13-22-51,1718166171,10.334203720092773,22.0373694896698,76400,DESKTOP-LQ219J4,192.168.46.185,22.0373694896698,0,3,"[0.0, 1.0, 1.0, 0.0, 2.0, 0.0, 1.0, 3.0, 1.0, 1.0, 1.0, 2.0, 3.0, 2.0, 1.0, 1.0, 3.0, 3.0, 1.0, 0.0, 2.0, 2.0, 0.0, 1.0, 0.0, 0.0, 0.0, 1.0, 1.0, 1.0, 1.0, 2.0, 2.0, 1.0, 0.0, 1.0, 2.0, 2.0, 1.0, 1.0]","[500, 500, 500, 500, 500, 500, 500, 500, 500, 500, 500, 500, 500, 500, 500, 500, 500, 500, 500, 500, 500, 500, 500, 500, 500, 500, 500, 500, 500, 500, 500, 500, 500, 500, 500, 500, 500, 500, 500, 500]",1303.678,3927.35,0.095,54092787.103,64.072,79909.609,2.575,87040,87040,87040,87040,4.546666666666666,23.966666666666665,0.0,84.81383,8029.98046875,33.36455535888672,15.991667747497559
3.0,0.0,1.171875,500.0,24,4,128000,0,128000,False,64,4,6184f_00000,f2b91da2b7784e16a8a98abdfbd268d1,2024-06-12_13-23-02,1718166182,10.489561319351196,32.526930809020996,76400,DESKTOP-LQ219J4,192.168.46.185,32.526930809020996,0,4,"[0.0, 1.0, 1.0, 0.0, 2.0, 0.0, 1.0, 3.0, 1.0, 1.0, 1.0, 2.0, 3.0, 2.0, 1.0, 1.0, 3.0, 3.0, 1.0, 0.0, 2.0, 2.0, 0.0, 1.0, 0.0, 0.0, 0.0, 1.0, 1.0, 1.0, 1.0, 2.0, 2.0, 1.0, 0.0, 1.0, 2.0, 2.0, 1.0, 1.0, 2.0, 2.0, 0.0, 1.0, 2.0, 1.0, 0.0, 1.0, 0.0, 2.0, 0.0, 2.0, 1.0, 2.0, 3.0, 1.0, 0.0, 2.0, 0.0, 0.0, 1.0, 2.0, 1.0, 1.0]","[500, 500, 500, 500, 500, 500, 500, 500, 500, 500, 500, 500, 500, 500, 500, 500, 500, 500, 500, 500, 500, 500, 500, 500, 500, 500, 500, 500, 500, 500, 500, 500, 500, 500, 500, 500, 500, 500, 500, 500, 500, 500, 500, 500, 500, 500, 500, 500, 500, 500, 500, 500, 500, 500, 500, 500, 500, 500, 500, 500, 500, 500, 500, 500]",1304.688,3924.311,0.098,52224796.887,68.894,74316.599,2.616,128000,128000,128000,128000,4.1933333333333325,24.633333333333333,0.0,174.85135,8018.2060546875,72.1163101196289,32.578773498535156
4.0,0.0,1.1785714285714286,500.0,20,4,168960,0,168960,False,84,5,6184f_00000,f2b91da2b7784e16a8a98abdfbd268d1,2024-06-12_13-23-13,1718166193,10.664206504821777,43.19113731384277,76400,DESKTOP-LQ219J4,192.168.46.185,43.19113731384277,0,5,"[0.0, 1.0, 1.0, 0.0, 2.0, 0.0, 1.0, 3.0, 1.0, 1.0, 1.0, 2.0, 3.0, 2.0, 1.0, 1.0, 3.0, 3.0, 1.0, 0.0, 2.0, 2.0, 0.0, 1.0, 0.0, 0.0, 0.0, 1.0, 1.0, 1.0, 1.0, 2.0, 2.0, 1.0, 0.0, 1.0, 2.0, 2.0, 1.0, 1.0, 2.0, 2.0, 0.0, 1.0, 2.0, 1.0, 0.0, 1.0, 0.0, 2.0, 0.0, 2.0, 1.0, 2.0, 3.0, 1.0, 0.0, 2.0, 0.0, 0.0, 1.0, 2.0, 1.0, 1.0, 2.0, 1.0, 1.0, 0.0, 1.0, 1.0, 1.0, 2.0, 4.0, 2.0, 0.0, 1.0, 2.0, 0.0, 4.0, 0.0, 1.0, 1.0, 0.0, 0.0]","[500, 500, 500, 500, 500, 500, 500, 500, 500, 500, 500, 500, 500, 500, 500, 500, 500, 500, 500, 500, 500, 500, 500, 500, 500, 500, 500, 500, 500, 500, 500, 500, 500, 500, 500, 500, 500, 500, 500, 500, 500, 500, 500, 500, 500, 500, 500, 500, 500, 500, 500, 500, 500, 500, 500, 500, 500, 500, 500, 500, 500, 500, 500, 500, 500, 500, 500, 500, 500, 500, 500, 500, 500, 500, 500, 500, 500, 500, 500, 500, 500, 500, 500, 500]",1331.729,3844.625,0.099,51547855.209,71.925,71184.865,2.72,168960,168960,168960,168960,4.246666666666666,25.32666666666667,0.0,36.275795,8029.1611328125,-3.5042898654937744,14.617300987243652
4.0,0.0,1.24,500.0,20,4,209920,0,209920,False,104,6,6184f_00000,f2b91da2b7784e16a8a98abdfbd268d1,2024-06-12_13-23-23,1718166203,10.683756351470947,53.87489366531372,76400,DESKTOP-LQ219J4,192.168.46.185,53.87489366531372,0,6,"[2.0, 0.0, 1.0, 3.0, 1.0, 1.0, 1.0, 2.0, 3.0, 2.0, 1.0, 1.0, 3.0, 3.0, 1.0, 0.0, 2.0, 2.0, 0.0, 1.0, 0.0, 0.0, 0.0, 1.0, 1.0, 1.0, 1.0, 2.0, 2.0, 1.0, 0.0, 1.0, 2.0, 2.0, 1.0, 1.0, 2.0, 2.0, 0.0, 1.0, 2.0, 1.0, 0.0, 1.0, 0.0, 2.0, 0.0, 2.0, 1.0, 2.0, 3.0, 1.0, 0.0, 2.0, 0.0, 0.0, 1.0, 2.0, 1.0, 1.0, 2.0, 1.0, 1.0, 0.0, 1.0, 1.0, 1.0, 2.0, 4.0, 2.0, 0.0, 1.0, 2.0, 0.0, 4.0, 0.0, 1.0, 1.0, 0.0, 0.0, 2.0, 3.0, 1.0, 0.0, 0.0, 2.0, 2.0, 3.0, 1.0, 1.0, 1.0, 2.0, 1.0, 2.0, 1.0, 0.0, 2.0, 2.0, 0.0, 1.0]","[500, 500, 500, 500, 500, 500, 500, 500, 500, 500, 500, 500, 500, 500, 500, 500, 500, 500, 500, 500, 500, 500, 500, 500, 500, 500, 500, 500, 500, 500, 500, 500, 500, 500, 500, 500, 500, 500, 500, 500, 500, 500, 500, 500, 500, 500, 500, 500, 500, 500, 500, 500, 500, 500, 500, 500, 500, 500, 500, 500, 500, 500, 500, 500, 500, 500, 500, 500, 500, 500, 500, 500, 500, 500, 500, 500, 500, 500, 500, 500, 500, 500, 500, 500, 500, 500, 500, 500, 500, 500, 500, 500, 500, 500, 500, 500, 500, 500, 500, 500]",1335.672,3833.276,0.1,51106226.749,66.343,77174.88,9.799,209920,209920,209920,209920,4.406666666666666,25.953333333333333,0.0,172.96439,8014.94140625,-79.69963073730469,0.958224892616272
5.0,0.0,1.25,500.0,20,4,250880,0,250880,False,124,7,6184f_00000,f2b91da2b7784e16a8a98abdfbd268d1,2024-06-12_13-23-34,1718166214,10.780922651290894,64.65581631660461,76400,DESKTOP-LQ219J4,192.168.46.185,64.65581631660461,0,7,"[0.0, 0.0, 0.0, 1.0, 1.0, 1.0, 1.0, 2.0, 2.0, 1.0, 0.0, 1.0, 2.0, 2.0, 1.0, 1.0, 2.0, 2.0, 0.0, 1.0, 2.0, 1.0, 0.0, 1.0, 0.0, 2.0, 0.0, 2.0, 1.0, 2.0, 3.0, 1.0, 0.0, 2.0, 0.0, 0.0, 1.0, 2.0, 1.0, 1.0, 2.0, 1.0, 1.0, 0.0, 1.0, 1.0, 1.0, 2.0, 4.0, 2.0, 0.0, 1.0, 2.0, 0.0, 4.0, 0.0, 1.0, 1.0, 0.0, 0.0, 2.0, 3.0, 1.0, 0.0, 0.0, 2.0, 2.0, 3.0, 1.0, 1.0, 1.0, 2.0, 1.0, 2.0, 1.0, 0.0, 2.0, 2.0, 0.0, 1.0, 1.0, 1.0, 2.0, 2.0, 1.0, 1.0, 0.0, 2.0, 1.0, 1.0, 2.0, 3.0, 2.0, 2.0, 2.0, 2.0, 5.0, 0.0, 0.0, 1.0]","[500, 500, 500, 500, 500, 500, 500, 500, 500, 500, 500, 500, 500, 500, 500, 500, 500, 500, 500, 500, 500, 500, 500, 500, 500, 500, 500, 500, 500, 500, 500, 500, 500, 500, 500, 500, 500, 500, 500, 500, 500, 500, 500, 500, 500, 500, 500, 500, 500, 500, 500, 500, 500, 500, 500, 500, 500, 500, 500, 500, 500, 500, 500, 500, 500, 500, 500, 500, 500, 500, 500, 500, 500, 500, 500, 500, 500, 500, 500, 500, 500, 500, 500, 500, 500, 500, 500, 500, 500, 500, 500, 500, 500, 500, 500, 500, 500, 500, 500, 500]",1344.478,3808.169,0.108,47542254.771,66.647,76822.437,2.674,250880,250880,250880,250880,4.375,26.63125,0.0,41.02017,7973.6728515625,-18.22477149963379,15.697237968444824
6.0,0.0,1.44,500.0,20,4,291840,0,291840,False,144,8,6184f_00000,f2b91da2b7784e16a8a98abdfbd268d1,2024-06-12_13-23-45,1718166225,10.803087711334229,75.45890402793884,76400,DESKTOP-LQ219J4,192.168.46.185,75.45890402793884,0,8,"[2.0, 1.0, 0.0, 1.0, 0.0, 2.0, 0.0, 2.0, 1.0, 2.0, 3.0, 1.0, 0.0, 2.0, 0.0, 0.0, 1.0, 2.0, 1.0, 1.0, 2.0, 1.0, 1.0, 0.0, 1.0, 1.0, 1.0, 2.0, 4.0, 2.0, 0.0, 1.0, 2.0, 0.0, 4.0, 0.0, 1.0, 1.0, 0.0, 0.0, 2.0, 3.0, 1.0, 0.0, 0.0, 2.0, 2.0, 3.0, 1.0, 1.0, 1.0, 2.0, 1.0, 2.0, 1.0, 0.0, 2.0, 2.0, 0.0, 1.0, 1.0, 1.0, 2.0, 2.0, 1.0, 1.0, 0.0, 2.0, 1.0, 1.0, 2.0, 3.0, 2.0, 2.0, 2.0, 2.0, 5.0, 0.0, 0.0, 1.0, 2.0, 2.0, 2.0, 1.0, 1.0, 2.0, 1.0, 3.0, 3.0, 4.0, 1.0, 3.0, 3.0, 1.0, 1.0, 1.0, 2.0, 6.0, 0.0, 1.0]","[500, 500, 500, 500, 500, 500, 500, 500, 500, 500, 500, 500, 500, 500, 500, 500, 500, 500, 500, 500, 500, 500, 500, 500, 500, 500, 500, 500, 500, 500, 500, 500, 500, 500, 500, 500, 500, 500, 500, 500, 500, 500, 500, 500, 500, 500, 500, 500, 500, 500, 500, 500, 500, 500, 500, 500, 500, 500, 500, 500, 500, 500, 500, 500, 500, 500, 500, 500, 500, 500, 500, 500, 500, 500, 500, 500, 500, 500, 500, 500, 500, 500, 500, 500, 500, 500, 500, 500, 500, 500, 500, 500, 500, 500, 500, 500, 500, 500, 500, 500]",1351.097,3789.514,0.115,44572097.302,67.756,75565.386,2.766,291840,291840,291840,291840,4.1066666666666665,27.30666666666667,0.0,46.699394,7949.86962890625,10.652973175048828,22.160724639892578
6.0,0.0,1.58,500.0,20,4,332800,0,332800,False,164,9,6184f_00000,f2b91da2b7784e16a8a98abdfbd268d1,2024-06-12_13-23-56,1718166236,10.811036109924316,86.26994013786316,76400,DESKTOP-LQ219J4,192.168.46.185,86.26994013786316,0,9,"[2.0, 1.0, 1.0, 0.0, 1.0, 1.0, 1.0, 2.0, 4.0, 2.0, 0.0, 1.0, 2.0, 0.0, 4.0, 0.0, 1.0, 1.0, 0.0, 0.0, 2.0, 3.0, 1.0, 0.0, 0.0, 2.0, 2.0, 3.0, 1.0, 1.0, 1.0, 2.0, 1.0, 2.0, 1.0, 0.0, 2.0, 2.0, 0.0, 1.0, 1.0, 1.0, 2.0, 2.0, 1.0, 1.0, 0.0, 2.0, 1.0, 1.0, 2.0, 3.0, 2.0, 2.0, 2.0, 2.0, 5.0, 0.0, 0.0, 1.0, 2.0, 2.0, 2.0, 1.0, 1.0, 2.0, 1.0, 3.0, 3.0, 4.0, 1.0, 3.0, 3.0, 1.0, 1.0, 1.0, 2.0, 6.0, 0.0, 1.0, 2.0, 1.0, 3.0, 3.0, 1.0, 3.0, 1.0, 2.0, 6.0, 2.0, 2.0, 0.0, 1.0, 1.0, 0.0, 3.0, 2.0, 1.0, 1.0, 1.0]","[500, 500, 500, 500, 500, 500, 500, 500, 500, 500, 500, 500, 500, 500, 500, 500, 500, 500, 500, 500, 500, 500, 500, 500, 500, 500, 500, 500, 500, 500, 500, 500, 500, 500, 500, 500, 500, 500, 500, 500, 500, 500, 500, 500, 500, 500, 500, 500, 500, 500, 500, 500, 500, 500, 500, 500, 500, 500, 500, 500, 500, 500, 500, 500, 500, 500, 500, 500, 500, 500, 500, 500, 500, 500, 500, 500, 500, 500, 500, 500, 500, 500, 500, 500, 500, 500, 500, 500, 500, 500, 500, 500, 500, 500, 500, 500, 500, 500, 500, 500]",1351.055,3789.632,0.106,48290614.976,66.291,77235.417,2.808,332800,332800,332800,332800,4.706250000000001,27.96875,0.0,119.65878,7979.68359375,-59.357696533203125,9.206733703613281
6.0,0.0,1.59,500.0,20,4,373760,0,373760,False,184,10,6184f_00000,f2b91da2b7784e16a8a98abdfbd268d1,2024-06-12_13-24-06,1718166246,10.574037313461304,96.84397745132446,76400,DESKTOP-LQ219J4,192.168.46.185,96.84397745132446,0,10,"[2.0, 3.0, 1.0, 0.0, 0.0, 2.0, 2.0, 3.0, 1.0, 1.0, 1.0, 2.0, 1.0, 2.0, 1.0, 0.0, 2.0, 2.0, 0.0, 1.0, 1.0, 1.0, 2.0, 2.0, 1.0, 1.0, 0.0, 2.0, 1.0, 1.0, 2.0, 3.0, 2.0, 2.0, 2.0, 2.0, 5.0, 0.0, 0.0, 1.0, 2.0, 2.0, 2.0, 1.0, 1.0, 2.0, 1.0, 3.0, 3.0, 4.0, 1.0, 3.0, 3.0, 1.0, 1.0, 1.0, 2.0, 6.0, 0.0, 1.0, 2.0, 1.0, 3.0, 3.0, 1.0, 3.0, 1.0, 2.0, 6.0, 2.0, 2.0, 0.0, 1.0, 1.0, 0.0, 3.0, 2.0, 1.0, 1.0, 1.0, 0.0, 0.0, 1.0, 2.0, 1.0, 0.0, 2.0, 0.0, 1.0, 1.0, 2.0, 0.0, 3.0, 1.0, 2.0, 0.0, 2.0, 3.0, 2.0, 2.0]","[500, 500, 500, 500, 500, 500, 500, 500, 500, 500, 500, 500, 500, 500, 500, 500, 500, 500, 500, 500, 500, 500, 500, 500, 500, 500, 500, 500, 500, 500, 500, 500, 500, 500, 500, 500, 500, 500, 500, 500, 500, 500, 500, 500, 500, 500, 500, 500, 500, 500, 500, 500, 500, 500, 500, 500, 500, 500, 500, 500, 500, 500, 500, 500, 500, 500, 500, 500, 500, 500, 500, 500, 500, 500, 500, 500, 500, 500, 500, 500, 500, 500, 500, 500, 500, 500, 500, 500, 500, 500, 500, 500, 500, 500, 500, 500, 500, 500, 500, 500]",1324.037,3866.962,0.104,49356093.955,64.495,79385.481,2.687,373760,373760,373760,373760,4.0200000000000005,28.68,0.0,87.58185,7991.21630859375,26.964988708496094,17.61189079284668
6.0,0.0,1.56,500.0,20,4,414720,0,414720,False,204,11,6184f_00000,f2b91da2b7784e16a8a98abdfbd268d1,2024-06-12_13-24-17,1718166257,10.651402473449707,107.49537992477417,76400,DESKTOP-LQ219J4,192.168.46.185,107.49537992477417,0,11,"[1.0, 1.0, 2.0, 2.0, 1.0, 1.0, 0.0, 2.0, 1.0, 1.0, 2.0, 3.0, 2.0, 2.0, 2.0, 2.0, 5.0, 0.0, 0.0, 1.0, 2.0, 2.0, 2.0, 1.0, 1.0, 2.0, 1.0, 3.0, 3.0, 4.0, 1.0, 3.0, 3.0, 1.0, 1.0, 1.0, 2.0, 6.0, 0.0, 1.0, 2.0, 1.0, 3.0, 3.0, 1.0, 3.0, 1.0, 2.0, 6.0, 2.0, 2.0, 0.0, 1.0, 1.0, 0.0, 3.0, 2.0, 1.0, 1.0, 1.0, 0.0, 0.0, 1.0, 2.0, 1.0, 0.0, 2.0, 0.0, 1.0, 1.0, 2.0, 0.0, 3.0, 1.0, 2.0, 0.0, 2.0, 3.0, 2.0, 2.0, 0.0, 0.0, 3.0, 1.0, 1.0, 0.0, 1.0, 2.0, 2.0, 2.0, 1.0, 3.0, 1.0, 1.0, 0.0, 4.0, 0.0, 0.0, 1.0, 1.0]","[500, 500, 500, 500, 500, 500, 500, 500, 500, 500, 500, 500, 500, 500, 500, 500, 500, 500, 500, 500, 500, 500, 500, 500, 500, 500, 500, 500, 500, 500, 500, 500, 500, 500, 500, 500, 500, 500, 500, 500, 500, 500, 500, 500, 500, 500, 500, 500, 500, 500, 500, 500, 500, 500, 500, 500, 500, 500, 500, 500, 500, 500, 500, 500, 500, 500, 500, 500, 500, 500, 500, 500, 500, 500, 500, 500, 500, 500, 500, 500, 500, 500, 500, 500, 500, 500, 500, 500, 500, 500, 500, 500, 500, 500, 500, 500, 500, 500, 500, 500]",1332.285,3843.021,0.106,48203897.823,65.983,77595.986,2.785,414720,414720,414720,414720,3.953333333333333,29.36666666666667,0.0,41.76667,8009.40869140625,-24.144346237182617,0.6421929597854614
6.0,0.0,1.46,500.0,20,4,455680,0,455680,False,224,12,6184f_00000,f2b91da2b7784e16a8a98abdfbd268d1,2024-06-12_13-24-28,1718166268,10.536667346954346,118.03204727172852,76400,DESKTOP-LQ219J4,192.168.46.185,118.03204727172852,0,12,"[2.0, 2.0, 2.0, 1.0, 1.0, 2.0, 1.0, 3.0, 3.0, 4.0, 1.0, 3.0, 3.0, 1.0, 1.0, 1.0, 2.0, 6.0, 0.0, 1.0, 2.0, 1.0, 3.0, 3.0, 1.0, 3.0, 1.0, 2.0, 6.0, 2.0, 2.0, 0.0, 1.0, 1.0, 0.0, 3.0, 2.0, 1.0, 1.0, 1.0, 0.0, 0.0, 1.0, 2.0, 1.0, 0.0, 2.0, 0.0, 1.0, 1.0, 2.0, 0.0, 3.0, 1.0, 2.0, 0.0, 2.0, 3.0, 2.0, 2.0, 0.0, 0.0, 3.0, 1.0, 1.0, 0.0, 1.0, 2.0, 2.0, 2.0, 1.0, 3.0, 1.0, 1.0, 0.0, 4.0, 0.0, 0.0, 1.0, 1.0, 0.0, 1.0, 1.0, 3.0, 1.0, 1.0, 0.0, 2.0, 1.0, 2.0, 0.0, 1.0, 0.0, 1.0, 1.0, 3.0, 1.0, 0.0, 2.0, 0.0]","[500, 500, 500, 500, 500, 500, 500, 500, 500, 500, 500, 500, 500, 500, 500, 500, 500, 500, 500, 500, 500, 500, 500, 500, 500, 500, 500, 500, 500, 500, 500, 500, 500, 500, 500, 500, 500, 500, 500, 500, 500, 500, 500, 500, 500, 500, 500, 500, 500, 500, 500, 500, 500, 500, 500, 500, 500, 500, 500, 500, 500, 500, 500, 500, 500, 500, 500, 500, 500, 500, 500, 500, 500, 500, 500, 500, 500, 500, 500, 500, 500, 500, 500, 500, 500, 500, 500, 500, 500, 500, 500, 500, 500, 500, 500, 500, 500, 500, 500, 500]",1320.287,3877.945,0.115,44711298.105,65.447,78231.814,2.653,455680,455680,455680,455680,4.28,30.013333333333335,0.0,105.17439,8016.908203125,48.09006881713867,20.172931671142578
6.0,0.0,1.37,500.0,24,4,496640,0,496640,False,248,13,6184f_00000,f2b91da2b7784e16a8a98abdfbd268d1,2024-06-12_13-24-38,1718166278,10.447271585464478,128.479318857193,76400,DESKTOP-LQ219J4,192.168.46.185,128.479318857193,0,13,"[1.0, 3.0, 1.0, 2.0, 6.0, 2.0, 2.0, 0.0, 1.0, 1.0, 0.0, 3.0, 2.0, 1.0, 1.0, 1.0, 0.0, 0.0, 1.0, 2.0, 1.0, 0.0, 2.0, 0.0, 1.0, 1.0, 2.0, 0.0, 3.0, 1.0, 2.0, 0.0, 2.0, 3.0, 2.0, 2.0, 0.0, 0.0, 3.0, 1.0, 1.0, 0.0, 1.0, 2.0, 2.0, 2.0, 1.0, 3.0, 1.0, 1.0, 0.0, 4.0, 0.0, 0.0, 1.0, 1.0, 0.0, 1.0, 1.0, 3.0, 1.0, 1.0, 0.0, 2.0, 1.0, 2.0, 0.0, 1.0, 0.0, 1.0, 1.0, 3.0, 1.0, 0.0, 2.0, 0.0, 2.0, 1.0, 1.0, 2.0, 0.0, 1.0, 1.0, 1.0, 2.0, 0.0, 1.0, 5.0, 3.0, 1.0, 4.0, 2.0, 3.0, 4.0, 1.0, 3.0, 0.0, 0.0, 2.0, 0.0]","[500, 500, 500, 500, 500, 500, 500, 500, 500, 500, 500, 500, 500, 500, 500, 500, 500, 500, 500, 500, 500, 500, 500, 500, 500, 500, 500, 500, 500, 500, 500, 500, 500, 500, 500, 500, 500, 500, 500, 500, 500, 500, 500, 500, 500, 500, 500, 500, 500, 500, 500, 500, 500, 500, 500, 500, 500, 500, 500, 500, 500, 500, 500, 500, 500, 500, 500, 500, 500, 500, 500, 500, 500, 500, 500, 500, 500, 500, 500, 500, 500, 500, 500, 500, 500, 500, 500, 500, 500, 500, 500, 500, 500, 500, 500, 500, 500, 500, 500, 500]",1315.544,3891.925,0.108,47353553.429,65.15,78587.588,2.728,496640,496640,496640,496640,4.459999999999999,30.653333333333325,0.0,164.96237,7983.859375,66.80357360839844,36.494258880615234
5.0,0.0,1.43,500.0,20,4,537600,0,537600,False,268,14,6184f_00000,f2b91da2b7784e16a8a98abdfbd268d1,2024-06-12_13-24-48,1718166288,10.456945657730103,138.9362645149231,76400,DESKTOP-LQ219J4,192.168.46.185,138.9362645149231,0,14,"[1.0, 0.0, 2.0, 0.0, 1.0, 1.0, 2.0, 0.0, 3.0, 1.0, 2.0, 0.0, 2.0, 3.0, 2.0, 2.0, 0.0, 0.0, 3.0, 1.0, 1.0, 0.0, 1.0, 2.0, 2.0, 2.0, 1.0, 3.0, 1.0, 1.0, 0.0, 4.0, 0.0, 0.0, 1.0, 1.0, 0.0, 1.0, 1.0, 3.0, 1.0, 1.0, 0.0, 2.0, 1.0, 2.0, 0.0, 1.0, 0.0, 1.0, 1.0, 3.0, 1.0, 0.0, 2.0, 0.0, 2.0, 1.0, 1.0, 2.0, 0.0, 1.0, 1.0, 1.0, 2.0, 0.0, 1.0, 5.0, 3.0, 1.0, 4.0, 2.0, 3.0, 4.0, 1.0, 3.0, 0.0, 0.0, 2.0, 0.0, 2.0, 3.0, 3.0, 3.0, 0.0, 1.0, 3.0, 0.0, 3.0, 1.0, 1.0, 3.0, 1.0, 1.0, 1.0, 2.0, 2.0, 3.0, 2.0, 1.0]","[500, 500, 500, 500, 500, 500, 500, 500, 500, 500, 500, 500, 500, 500, 500, 500, 500, 500, 500, 500, 500, 500, 500, 500, 500, 500, 500, 500, 500, 500, 500, 500, 500, 500, 500, 500, 500, 500, 500, 500, 500, 500, 500, 500, 500, 500, 500, 500, 500, 500, 500, 500, 500, 500, 500, 500, 500, 500, 500, 500, 500, 500, 500, 500, 500, 500, 500, 500, 500, 500, 500, 500, 500, 500, 500, 500, 500, 500, 500, 500, 500, 500, 500, 500, 500, 500, 500, 500, 500, 500, 500, 500, 500, 500, 500, 500, 500, 500, 500, 500]",1309.722,3909.225,0.119,43087553.13,65.55,78108.18,2.726,537600,537600,537600,537600,4.293333333333334,31.35333333333334,0.0,94.184944,7943.62353515625,-38.154449462890625,13.970956802368164
6.0,0.0,1.54,500.0,20,4,578560,0,578560,False,288,15,6184f_00000,f2b91da2b7784e16a8a98abdfbd268d1,2024-06-12_13-24-59,1718166299,10.491535425186157,149.42779994010925,76400,DESKTOP-LQ219J4,192.168.46.185,149.42779994010925,0,15,"[1.0, 0.0, 1.0, 2.0, 2.0, 2.0, 1.0, 3.0, 1.0, 1.0, 0.0, 4.0, 0.0, 0.0, 1.0, 1.0, 0.0, 1.0, 1.0, 3.0, 1.0, 1.0, 0.0, 2.0, 1.0, 2.0, 0.0, 1.0, 0.0, 1.0, 1.0, 3.0, 1.0, 0.0, 2.0, 0.0, 2.0, 1.0, 1.0, 2.0, 0.0, 1.0, 1.0, 1.0, 2.0, 0.0, 1.0, 5.0, 3.0, 1.0, 4.0, 2.0, 3.0, 4.0, 1.0, 3.0, 0.0, 0.0, 2.0, 0.0, 2.0, 3.0, 3.0, 3.0, 0.0, 1.0, 3.0, 0.0, 3.0, 1.0, 1.0, 3.0, 1.0, 1.0, 1.0, 2.0, 2.0, 3.0, 2.0, 1.0, 1.0, 1.0, 1.0, 1.0, 1.0, 0.0, 4.0, 1.0, 1.0, 4.0, 2.0, 5.0, 6.0, 0.0, 2.0, 2.0, 3.0, 0.0, 0.0, 2.0]","[500, 500, 500, 500, 500, 500, 500, 500, 500, 500, 500, 500, 500, 500, 500, 500, 500, 500, 500, 500, 500, 500, 500, 500, 500, 500, 500, 500, 500, 500, 500, 500, 500, 500, 500, 500, 500, 500, 500, 500, 500, 500, 500, 500, 500, 500, 500, 500, 500, 500, 500, 500, 500, 500, 500, 500, 500, 500, 500, 500, 500, 500, 500, 500, 500, 500, 500, 500, 500, 500, 500, 500, 500, 500, 500, 500, 500, 500, 500, 500, 500, 500, 500, 500, 500, 500, 500, 500, 500, 500, 500, 500, 500, 500, 500, 500, 500, 500, 500, 500]",1309.259,3910.61,0.116,43960770.686,65.804,77807.097,2.744,578560,578560,578560,578560,4.206666666666668,32.013333333333335,0.0,97.30238,7984.02685546875,34.24504470825195,34.344669342041016
6.0,0.0,1.69,500.0,20,4,619520,0,619520,False,308,16,6184f_00000,f2b91da2b7784e16a8a98abdfbd268d1,2024-06-12_13-25-09,1718166309,10.468440294265747,159.896240234375,76400,DESKTOP-LQ219J4,192.168.46.185,159.896240234375,0,16,"[1.0, 1.0, 0.0, 2.0, 1.0, 2.0, 0.0, 1.0, 0.0, 1.0, 1.0, 3.0, 1.0, 0.0, 2.0, 0.0, 2.0, 1.0, 1.0, 2.0, 0.0, 1.0, 1.0, 1.0, 2.0, 0.0, 1.0, 5.0, 3.0, 1.0, 4.0, 2.0, 3.0, 4.0, 1.0, 3.0, 0.0, 0.0, 2.0, 0.0, 2.0, 3.0, 3.0, 3.0, 0.0, 1.0, 3.0, 0.0, 3.0, 1.0, 1.0, 3.0, 1.0, 1.0, 1.0, 2.0, 2.0, 3.0, 2.0, 1.0, 1.0, 1.0, 1.0, 1.0, 1.0, 0.0, 4.0, 1.0, 1.0, 4.0, 2.0, 5.0, 6.0, 0.0, 2.0, 2.0, 3.0, 0.0, 0.0, 2.0, 4.0, 2.0, 1.0, 2.0, 1.0, 3.0, 1.0, 1.0, 2.0, 2.0, 2.0, 2.0, 1.0, 1.0, 4.0, 2.0, 1.0, 3.0, 3.0, 2.0]","[500, 500, 500, 500, 500, 500, 500, 500, 500, 500, 500, 500, 500, 500, 500, 500, 500, 500, 500, 500, 500, 500, 500, 500, 500, 500, 500, 500, 500, 500, 500, 500, 500, 500, 500, 500, 500, 500, 500, 500, 500, 500, 500, 500, 500, 500, 500, 500, 500, 500, 500, 500, 500, 500, 500, 500, 500, 500, 500, 500, 500, 500, 500, 500, 500, 500, 500, 500, 500, 500, 500, 500, 500, 500, 500, 500, 500, 500, 500, 500, 500, 500, 500, 500, 500, 500, 500, 500, 500, 500, 500, 500, 500, 500, 500, 500, 500, 500, 500, 500]",1304.728,3924.19,0.114,44879491.076,68.253,75015.052,2.96,619520,619520,619520,619520,4.4,32.68,0.0,120.12232,7986.14453125,-59.9941520690918,7.474987030029297
6.0,0.0,1.76,500.0,20,4,660480,0,660480,False,328,17,6184f_00000,f2b91da2b7784e16a8a98abdfbd268d1,2024-06-12_13-25-20,1718166320,10.399828433990479,170.29606866836548,76400,DESKTOP-LQ219J4,192.168.46.185,170.29606866836548,0,17,"[0.0, 1.0, 1.0, 1.0, 2.0, 0.0, 1.0, 5.0, 3.0, 1.0, 4.0, 2.0, 3.0, 4.0, 1.0, 3.0, 0.0, 0.0, 2.0, 0.0, 2.0, 3.0, 3.0, 3.0, 0.0, 1.0, 3.0, 0.0, 3.0, 1.0, 1.0, 3.0, 1.0, 1.0, 1.0, 2.0, 2.0, 3.0, 2.0, 1.0, 1.0, 1.0, 1.0, 1.0, 1.0, 0.0, 4.0, 1.0, 1.0, 4.0, 2.0, 5.0, 6.0, 0.0, 2.0, 2.0, 3.0, 0.0, 0.0, 2.0, 4.0, 2.0, 1.0, 2.0, 1.0, 3.0, 1.0, 1.0, 2.0, 2.0, 2.0, 2.0, 1.0, 1.0, 4.0, 2.0, 1.0, 3.0, 3.0, 2.0, 2.0, 5.0, 3.0, 0.0, 1.0, 2.0, 1.0, 0.0, 2.0, 2.0, 1.0, 1.0, 3.0, 0.0, 1.0, 1.0, 2.0, 0.0, 1.0, 1.0]","[500, 500, 500, 500, 500, 500, 500, 500, 500, 500, 500, 500, 500, 500, 500, 500, 500, 500, 500, 500, 500, 500, 500, 500, 500, 500, 500, 500, 500, 500, 500, 500, 500, 500, 500, 500, 500, 500, 500, 500, 500, 500, 500, 500, 500, 500, 500, 500, 500, 500, 500, 500, 500, 500, 500, 500, 500, 500, 500, 500, 500, 500, 500, 500, 500, 500, 500, 500, 500, 500, 500, 500, 500, 500, 500, 500, 500, 500, 500, 500, 500, 500, 500, 500, 500, 500, 500, 500, 500, 500, 500, 500, 500, 500, 500, 500, 500, 500, 500, 500]",1302.189,3931.84,0.114,44898257.328,65.476,78196.548,2.846,660480,660480,660480,660480,4.026666666666666,33.35333333333333,0.0,44.981136,7984.1640625,4.377279758453369,19.249353408813477
6.0,0.0,1.74,500.0,20,4,701440,0,701440,False,348,18,6184f_00000,f2b91da2b7784e16a8a98abdfbd268d1,2024-06-12_13-25-30,1718166330,10.517021417617798,180.81309008598328,76400,DESKTOP-LQ219J4,192.168.46.185,180.81309008598328,0,18,"[2.0, 3.0, 3.0, 3.0, 0.0, 1.0, 3.0, 0.0, 3.0, 1.0, 1.0, 3.0, 1.0, 1.0, 1.0, 2.0, 2.0, 3.0, 2.0, 1.0, 1.0, 1.0, 1.0, 1.0, 1.0, 0.0, 4.0, 1.0, 1.0, 4.0, 2.0, 5.0, 6.0, 0.0, 2.0, 2.0, 3.0, 0.0, 0.0, 2.0, 4.0, 2.0, 1.0, 2.0, 1.0, 3.0, 1.0, 1.0, 2.0, 2.0, 2.0, 2.0, 1.0, 1.0, 4.0, 2.0, 1.0, 3.0, 3.0, 2.0, 2.0, 5.0, 3.0, 0.0, 1.0, 2.0, 1.0, 0.0, 2.0, 2.0, 1.0, 1.0, 3.0, 0.0, 1.0, 1.0, 2.0, 0.0, 1.0, 1.0, 1.0, 6.0, 2.0, 0.0, 1.0, 0.0, 3.0, 4.0, 2.0, 2.0, 2.0, 3.0, 0.0, 1.0, 0.0, 1.0, 0.0, 2.0, 0.0, 2.0]","[500, 500, 500, 500, 500, 500, 500, 500, 500, 500, 500, 500, 500, 500, 500, 500, 500, 500, 500, 500, 500, 500, 500, 500, 500, 500, 500, 500, 500, 500, 500, 500, 500, 500, 500, 500, 500, 500, 500, 500, 500, 500, 500, 500, 500, 500, 500, 500, 500, 500, 500, 500, 500, 500, 500, 500, 500, 500, 500, 500, 500, 500, 500, 500, 500, 500, 500, 500, 500, 500, 500, 500, 500, 500, 500, 500, 500, 500, 500, 500, 500, 500, 500, 500, 500, 500, 500, 500, 500, 500, 500, 500, 500, 500, 500, 500, 500, 500, 500, 500]",1308.848,3911.837,0.118,43480130.553,66.123,77430.941,2.961,701440,701440,701440,701440,3.9466666666666668,34.02,0.0,234.73466,7974.8798828125,96.55770111083984,39.907920837402344
6.0,0.0,1.72,500.0,20,4,742400,0,742400,False,368,19,6184f_00000,f2b91da2b7784e16a8a98abdfbd268d1,2024-06-12_13-25-41,1718166341,10.40284538269043,191.2159354686737,76400,DESKTOP-LQ219J4,192.168.46.185,191.2159354686737,0,19,"[1.0, 1.0, 1.0, 1.0, 1.0, 0.0, 4.0, 1.0, 1.0, 4.0, 2.0, 5.0, 6.0, 0.0, 2.0, 2.0, 3.0, 0.0, 0.0, 2.0, 4.0, 2.0, 1.0, 2.0, 1.0, 3.0, 1.0, 1.0, 2.0, 2.0, 2.0, 2.0, 1.0, 1.0, 4.0, 2.0, 1.0, 3.0, 3.0, 2.0, 2.0, 5.0, 3.0, 0.0, 1.0, 2.0, 1.0, 0.0, 2.0, 2.0, 1.0, 1.0, 3.0, 0.0, 1.0, 1.0, 2.0, 0.0, 1.0, 1.0, 1.0, 6.0, 2.0, 0.0, 1.0, 0.0, 3.0, 4.0, 2.0, 2.0, 2.0, 3.0, 0.0, 1.0, 0.0, 1.0, 0.0, 2.0, 0.0, 2.0, 1.0, 1.0, 1.0, 1.0, 1.0, 1.0, 3.0, 2.0, 1.0, 2.0, 3.0, 2.0, 3.0, 1.0, 1.0, 4.0, 1.0, 2.0, 2.0, 1.0]","[500, 500, 500, 500, 500, 500, 500, 500, 500, 500, 500, 500, 500, 500, 500, 500, 500, 500, 500, 500, 500, 500, 500, 500, 500, 500, 500, 500, 500, 500, 500, 500, 500, 500, 500, 500, 500, 500, 500, 500, 500, 500, 500, 500, 500, 500, 500, 500, 500, 500, 500, 500, 500, 500, 500, 500, 500, 500, 500, 500, 500, 500, 500, 500, 500, 500, 500, 500, 500, 500, 500, 500, 500, 500, 500, 500, 500, 500, 500, 500, 500, 500, 500, 500, 500, 500, 500, 500, 500, 500, 500, 500, 500, 500, 500, 500, 500, 500, 500, 500]",1305.311,3922.436,0.121,42223429.965,66.048,77519.769,2.757,742400,742400,742400,742400,4.2,34.66428571428572,0.0,40.10715,7986.3359375,-14.378985404968262,9.718297004699707
6.0,0.0,1.63,500.0,20,4,783360,0,783360,False,388,20,6184f_00000,f2b91da2b7784e16a8a98abdfbd268d1,2024-06-12_13-25-51,1718166351,10.576585531234741,201.79252099990845,76400,DESKTOP-LQ219J4,192.168.46.185,201.79252099990845,0,20,"[4.0, 2.0, 1.0, 2.0, 1.0, 3.0, 1.0, 1.0, 2.0, 2.0, 2.0, 2.0, 1.0, 1.0, 4.0, 2.0, 1.0, 3.0, 3.0, 2.0, 2.0, 5.0, 3.0, 0.0, 1.0, 2.0, 1.0, 0.0, 2.0, 2.0, 1.0, 1.0, 3.0, 0.0, 1.0, 1.0, 2.0, 0.0, 1.0, 1.0, 1.0, 6.0, 2.0, 0.0, 1.0, 0.0, 3.0, 4.0, 2.0, 2.0, 2.0, 3.0, 0.0, 1.0, 0.0, 1.0, 0.0, 2.0, 0.0, 2.0, 1.0, 1.0, 1.0, 1.0, 1.0, 1.0, 3.0, 2.0, 1.0, 2.0, 3.0, 2.0, 3.0, 1.0, 1.0, 4.0, 1.0, 2.0, 2.0, 1.0, 1.0, 4.0, 2.0, 1.0, 2.0, 0.0, 1.0, 1.0, 1.0, 1.0, 2.0, 1.0, 3.0, 0.0, 1.0, 2.0, 3.0, 0.0, 1.0, 1.0]","[500, 500, 500, 500, 500, 500, 500, 500, 500, 500, 500, 500, 500, 500, 500, 500, 500, 500, 500, 500, 500, 500, 500, 500, 500, 500, 500, 500, 500, 500, 500, 500, 500, 500, 500, 500, 500, 500, 500, 500, 500, 500, 500, 500, 500, 500, 500, 500, 500, 500, 500, 500, 500, 500, 500, 500, 500, 500, 500, 500, 500, 500, 500, 500, 500, 500, 500, 500, 500, 500, 500, 500, 500, 500, 500, 500, 500, 500, 500, 500, 500, 500, 500, 500, 500, 500, 500, 500, 500, 500, 500, 500, 500, 500, 500, 500, 500, 500, 500, 500]",1322.949,3870.14,0.125,40857755.86,64.996,78774.478,2.848,783360,783360,783360,783360,4.62,35.313333333333325,0.0,57.261013,7986.88525390625,20.269634246826172,16.117399215698242
6.0,0.0,1.6,500.0,24,4,824320,0,824320,False,412,21,6184f_00000,f2b91da2b7784e16a8a98abdfbd268d1,2024-06-12_13-26-02,1718166362,10.365940570831299,212.15846157073975,76400,DESKTOP-LQ219J4,192.168.46.185,212.15846157073975,0,21,"[1.0, 2.0, 1.0, 0.0, 2.0, 2.0, 1.0, 1.0, 3.0, 0.0, 1.0, 1.0, 2.0, 0.0, 1.0, 1.0, 1.0, 6.0, 2.0, 0.0, 1.0, 0.0, 3.0, 4.0, 2.0, 2.0, 2.0, 3.0, 0.0, 1.0, 0.0, 1.0, 0.0, 2.0, 0.0, 2.0, 1.0, 1.0, 1.0, 1.0, 1.0, 1.0, 3.0, 2.0, 1.0, 2.0, 3.0, 2.0, 3.0, 1.0, 1.0, 4.0, 1.0, 2.0, 2.0, 1.0, 1.0, 4.0, 2.0, 1.0, 2.0, 0.0, 1.0, 1.0, 1.0, 1.0, 2.0, 1.0, 3.0, 0.0, 1.0, 2.0, 3.0, 0.0, 1.0, 1.0, 1.0, 3.0, 3.0, 0.0, 0.0, 4.0, 2.0, 1.0, 5.0, 4.0, 0.0, 2.0, 3.0, 0.0, 1.0, 0.0, 6.0, 2.0, 0.0, 2.0, 2.0, 1.0, 2.0, 3.0]","[500, 500, 500, 500, 500, 500, 500, 500, 500, 500, 500, 500, 500, 500, 500, 500, 500, 500, 500, 500, 500, 500, 500, 500, 500, 500, 500, 500, 500, 500, 500, 500, 500, 500, 500, 500, 500, 500, 500, 500, 500, 500, 500, 500, 500, 500, 500, 500, 500, 500, 500, 500, 500, 500, 500, 500, 500, 500, 500, 500, 500, 500, 500, 500, 500, 500, 500, 500, 500, 500, 500, 500, 500, 500, 500, 500, 500, 500, 500, 500, 500, 500, 500, 500, 500, 500, 500, 500, 500, 500, 500, 500, 500, 500, 500, 500, 500, 500, 500, 500]",1301.64,3933.499,0.124,41305705.867,65.555,78102.527,2.759,824320,824320,824320,824320,4.513333333333333,35.973333333333336,0.0,54.90362,7988.3212890625,-1.4618678092956543,30.768444061279297
6.0,0.0,1.7,500.0,20,4,865280,0,865280,False,432,22,6184f_00000,f2b91da2b7784e16a8a98abdfbd268d1,2024-06-12_13-26-12,1718166372,10.449347734451294,222.60780930519104,76400,DESKTOP-LQ219J4,192.168.46.185,222.60780930519104,0,22,"[1.0, 0.0, 3.0, 4.0, 2.0, 2.0, 2.0, 3.0, 0.0, 1.0, 0.0, 1.0, 0.0, 2.0, 0.0, 2.0, 1.0, 1.0, 1.0, 1.0, 1.0, 1.0, 3.0, 2.0, 1.0, 2.0, 3.0, 2.0, 3.0, 1.0, 1.0, 4.0, 1.0, 2.0, 2.0, 1.0, 1.0, 4.0, 2.0, 1.0, 2.0, 0.0, 1.0, 1.0, 1.0, 1.0, 2.0, 1.0, 3.0, 0.0, 1.0, 2.0, 3.0, 0.0, 1.0, 1.0, 1.0, 3.0, 3.0, 0.0, 0.0, 4.0, 2.0, 1.0, 5.0, 4.0, 0.0, 2.0, 3.0, 0.0, 1.0, 0.0, 6.0, 2.0, 0.0, 2.0, 2.0, 1.0, 2.0, 3.0, 2.0, 1.0, 1.0, 1.0, 1.0, 2.0, 1.0, 2.0, 2.0, 3.0, 1.0, 0.0, 1.0, 3.0, 3.0, 0.0, 6.0, 2.0, 4.0, 2.0]","[500, 500, 500, 500, 500, 500, 500, 500, 500, 500, 500, 500, 500, 500, 500, 500, 500, 500, 500, 500, 500, 500, 500, 500, 500, 500, 500, 500, 500, 500, 500, 500, 500, 500, 500, 500, 500, 500, 500, 500, 500, 500, 500, 500, 500, 500, 500, 500, 500, 500, 500, 500, 500, 500, 500, 500, 500, 500, 500, 500, 500, 500, 500, 500, 500, 500, 500, 500, 500, 500, 500, 500, 500, 500, 500, 500, 500, 500, 500, 500, 500, 500, 500, 500, 500, 500, 500, 500, 500, 500, 500, 500, 500, 500, 500, 500, 500, 500, 500, 500]",1309.054,3911.222,0.122,41812376.324,66.338,77180.316,2.735,865280,865280,865280,865280,4.52,36.63999999999999,0.0,72.754425,7964.8681640625,22.494483947753906,30.670555114746094
6.0,0.0,1.73,500.0,20,4,906240,0,906240,False,452,23,6184f_00000,f2b91da2b7784e16a8a98abdfbd268d1,2024-06-12_13-26-23,1718166383,10.617981910705566,233.2257912158966,76400,DESKTOP-LQ219J4,192.168.46.185,233.2257912158966,0,23,"[1.0, 1.0, 3.0, 2.0, 1.0, 2.0, 3.0, 2.0, 3.0, 1.0, 1.0, 4.0, 1.0, 2.0, 2.0, 1.0, 1.0, 4.0, 2.0, 1.0, 2.0, 0.0, 1.0, 1.0, 1.0, 1.0, 2.0, 1.0, 3.0, 0.0, 1.0, 2.0, 3.0, 0.0, 1.0, 1.0, 1.0, 3.0, 3.0, 0.0, 0.0, 4.0, 2.0, 1.0, 5.0, 4.0, 0.0, 2.0, 3.0, 0.0, 1.0, 0.0, 6.0, 2.0, 0.0, 2.0, 2.0, 1.0, 2.0, 3.0, 2.0, 1.0, 1.0, 1.0, 1.0, 2.0, 1.0, 2.0, 2.0, 3.0, 1.0, 0.0, 1.0, 3.0, 3.0, 0.0, 6.0, 2.0, 4.0, 2.0, 1.0, 2.0, 2.0, 1.0, 1.0, 0.0, 2.0, 1.0, 1.0, 4.0, 3.0, 3.0, 0.0, 0.0, 1.0, 3.0, 1.0, 2.0, 0.0, 2.0]","[500, 500, 500, 500, 500, 500, 500, 500, 500, 500, 500, 500, 500, 500, 500, 500, 500, 500, 500, 500, 500, 500, 500, 500, 500, 500, 500, 500, 500, 500, 500, 500, 500, 500, 500, 500, 500, 500, 500, 500, 500, 500, 500, 500, 500, 500, 500, 500, 500, 500, 500, 500, 500, 500, 500, 500, 500, 500, 500, 500, 500, 500, 500, 500, 500, 500, 500, 500, 500, 500, 500, 500, 500, 500, 500, 500, 500, 500, 500, 500, 500, 500, 500, 500, 500, 500, 500, 500, 500, 500, 500, 500, 500, 500, 500, 500, 500, 500, 500, 500]",1319.128,3881.351,0.121,42406865.087,65.513,78152.154,2.774,906240,906240,906240,906240,4.0200000000000005,37.29333333333333,0.0,61.575233,7934.650390625,9.464090347290039,27.140535354614258
6.0,0.0,1.7,500.0,20,4,947200,0,947200,False,472,24,6184f_00000,f2b91da2b7784e16a8a98abdfbd268d1,2024-06-12_13-26-34,1718166394,10.661797761917114,243.88758897781372,76400,DESKTOP-LQ219J4,192.168.46.185,243.88758897781372,0,24,"[2.0, 0.0, 1.0, 1.0, 1.0, 1.0, 2.0, 1.0, 3.0, 0.0, 1.0, 2.0, 3.0, 0.0, 1.0, 1.0, 1.0, 3.0, 3.0, 0.0, 0.0, 4.0, 2.0, 1.0, 5.0, 4.0, 0.0, 2.0, 3.0, 0.0, 1.0, 0.0, 6.0, 2.0, 0.0, 2.0, 2.0, 1.0, 2.0, 3.0, 2.0, 1.0, 1.0, 1.0, 1.0, 2.0, 1.0, 2.0, 2.0, 3.0, 1.0, 0.0, 1.0, 3.0, 3.0, 0.0, 6.0, 2.0, 4.0, 2.0, 1.0, 2.0, 2.0, 1.0, 1.0, 0.0, 2.0, 1.0, 1.0, 4.0, 3.0, 3.0, 0.0, 0.0, 1.0, 3.0, 1.0, 2.0, 0.0, 2.0, 1.0, 3.0, 0.0, 2.0, 3.0, 2.0, 5.0, 1.0, 0.0, 2.0, 4.0, 0.0, 0.0, 1.0, 0.0, 1.0, 2.0, 4.0, 1.0, 3.0]","[500, 500, 500, 500, 500, 500, 500, 500, 500, 500, 500, 500, 500, 500, 500, 500, 500, 500, 500, 500, 500, 500, 500, 500, 500, 500, 500, 500, 500, 500, 500, 500, 500, 500, 500, 500, 500, 500, 500, 500, 500, 500, 500, 500, 500, 500, 500, 500, 500, 500, 500, 500, 500, 500, 500, 500, 500, 500, 500, 500, 500, 500, 500, 500, 500, 500, 500, 500, 500, 500, 500, 500, 500, 500, 500, 500, 500, 500, 500, 500, 500, 500, 500, 500, 500, 500, 500, 500, 500, 500, 500, 500, 500, 500, 500, 500, 500, 500, 500, 500]",1335.537,3833.665,0.12,42532851.02,66.561,76922.05,2.749,947200,947200,947200,947200,4.526666666666666,37.94666666666667,0.0,98.50888,7938.3642578125,-53.178672790527344,16.74481773376465
7.0,0.0,1.77,500.0,20,4,988160,0,988160,False,492,25,6184f_00000,f2b91da2b7784e16a8a98abdfbd268d1,2024-06-12_13-26-44,1718166404,10.411419153213501,254.29900813102722,76400,DESKTOP-LQ219J4,192.168.46.185,254.29900813102722,0,25,"[0.0, 4.0, 2.0, 1.0, 5.0, 4.0, 0.0, 2.0, 3.0, 0.0, 1.0, 0.0, 6.0, 2.0, 0.0, 2.0, 2.0, 1.0, 2.0, 3.0, 2.0, 1.0, 1.0, 1.0, 1.0, 2.0, 1.0, 2.0, 2.0, 3.0, 1.0, 0.0, 1.0, 3.0, 3.0, 0.0, 6.0, 2.0, 4.0, 2.0, 1.0, 2.0, 2.0, 1.0, 1.0, 0.0, 2.0, 1.0, 1.0, 4.0, 3.0, 3.0, 0.0, 0.0, 1.0, 3.0, 1.0, 2.0, 0.0, 2.0, 1.0, 3.0, 0.0, 2.0, 3.0, 2.0, 5.0, 1.0, 0.0, 2.0, 4.0, 0.0, 0.0, 1.0, 0.0, 1.0, 2.0, 4.0, 1.0, 3.0, 1.0, 1.0, 1.0, 3.0, 7.0, 0.0, 2.0, 0.0, 0.0, 1.0, 2.0, 1.0, 1.0, 2.0, 1.0, 0.0, 3.0, 2.0, 2.0, 4.0]","[500, 500, 500, 500, 500, 500, 500, 500, 500, 500, 500, 500, 500, 500, 500, 500, 500, 500, 500, 500, 500, 500, 500, 500, 500, 500, 500, 500, 500, 500, 500, 500, 500, 500, 500, 500, 500, 500, 500, 500, 500, 500, 500, 500, 500, 500, 500, 500, 500, 500, 500, 500, 500, 500, 500, 500, 500, 500, 500, 500, 500, 500, 500, 500, 500, 500, 500, 500, 500, 500, 500, 500, 500, 500, 500, 500, 500, 500, 500, 500, 500, 500, 500, 500, 500, 500, 500, 500, 500, 500, 500, 500, 500, 500, 500, 500, 500, 500, 500, 500]",1304.349,3925.329,0.121,42406865.087,65.403,78283.347,2.712,988160,988160,988160,988160,4.713333333333334,38.57333333333334,0.0,65.59151,7979.8447265625,-38.364662170410156,9.138931274414062
7.0,0.0,1.67,500.0,20,4,1029120,0,1029120,False,512,26,6184f_00000,f2b91da2b7784e16a8a98abdfbd268d1,2024-06-12_13-26-54,1718166414,10.470441818237305,264.7694499492645,76400,DESKTOP-LQ219J4,192.168.46.185,264.7694499492645,0,26,"[2.0, 1.0, 1.0, 1.0, 1.0, 2.0, 1.0, 2.0, 2.0, 3.0, 1.0, 0.0, 1.0, 3.0, 3.0, 0.0, 6.0, 2.0, 4.0, 2.0, 1.0, 2.0, 2.0, 1.0, 1.0, 0.0, 2.0, 1.0, 1.0, 4.0, 3.0, 3.0, 0.0, 0.0, 1.0, 3.0, 1.0, 2.0, 0.0, 2.0, 1.0, 3.0, 0.0, 2.0, 3.0, 2.0, 5.0, 1.0, 0.0, 2.0, 4.0, 0.0, 0.0, 1.0, 0.0, 1.0, 2.0, 4.0, 1.0, 3.0, 1.0, 1.0, 1.0, 3.0, 7.0, 0.0, 2.0, 0.0, 0.0, 1.0, 2.0, 1.0, 1.0, 2.0, 1.0, 0.0, 3.0, 2.0, 2.0, 4.0, 1.0, 2.0, 3.0, 2.0, 2.0, 3.0, 3.0, 1.0, 0.0, 0.0, 0.0, 1.0, 1.0, 2.0, 2.0, 0.0, 0.0, 2.0, 3.0, 2.0]","[500, 500, 500, 500, 500, 500, 500, 500, 500, 500, 500, 500, 500, 500, 500, 500, 500, 500, 500, 500, 500, 500, 500, 500, 500, 500, 500, 500, 500, 500, 500, 500, 500, 500, 500, 500, 500, 500, 500, 500, 500, 500, 500, 500, 500, 500, 500, 500, 500, 500, 500, 500, 500, 500, 500, 500, 500, 500, 500, 500, 500, 500, 500, 500, 500, 500, 500, 500, 500, 500, 500, 500, 500, 500, 500, 500, 500, 500, 500, 500, 500, 500, 500, 500, 500, 500, 500, 500, 500, 500, 500, 500, 500, 500, 500, 500, 500, 500, 500, 500]",1305.512,3921.834,0.128,40027654.203,65.093,78656.412,2.736,1029120,1029120,1029120,1029120,4.36,39.27333333333333,0.0,83.50287,7940.583984375,25.494243621826172,26.350379943847656
7.0,0.0,1.69,500.0,20,4,1070080,0,1070080,False,532,27,6184f_00000,f2b91da2b7784e16a8a98abdfbd268d1,2024-06-12_13-27-05,1718166425,10.89670729637146,275.666157245636,76400,DESKTOP-LQ219J4,192.168.46.185,275.666157245636,0,27,"[1.0, 2.0, 2.0, 1.0, 1.0, 0.0, 2.0, 1.0, 1.0, 4.0, 3.0, 3.0, 0.0, 0.0, 1.0, 3.0, 1.0, 2.0, 0.0, 2.0, 1.0, 3.0, 0.0, 2.0, 3.0, 2.0, 5.0, 1.0, 0.0, 2.0, 4.0, 0.0, 0.0, 1.0, 0.0, 1.0, 2.0, 4.0, 1.0, 3.0, 1.0, 1.0, 1.0, 3.0, 7.0, 0.0, 2.0, 0.0, 0.0, 1.0, 2.0, 1.0, 1.0, 2.0, 1.0, 0.0, 3.0, 2.0, 2.0, 4.0, 1.0, 2.0, 3.0, 2.0, 2.0, 3.0, 3.0, 1.0, 0.0, 0.0, 0.0, 1.0, 1.0, 2.0, 2.0, 0.0, 0.0, 2.0, 3.0, 2.0, 3.0, 0.0, 2.0, 1.0, 2.0, 1.0, 0.0, 1.0, 3.0, 2.0, 1.0, 1.0, 1.0, 5.0, 6.0, 5.0, 1.0, 3.0, 2.0, 0.0]","[500, 500, 500, 500, 500, 500, 500, 500, 500, 500, 500, 500, 500, 500, 500, 500, 500, 500, 500, 500, 500, 500, 500, 500, 500, 500, 500, 500, 500, 500, 500, 500, 500, 500, 500, 500, 500, 500, 500, 500, 500, 500, 500, 500, 500, 500, 500, 500, 500, 500, 500, 500, 500, 500, 500, 500, 500, 500, 500, 500, 500, 500, 500, 500, 500, 500, 500, 500, 500, 500, 500, 500, 500, 500, 500, 500, 500, 500, 500, 500, 500, 500, 500, 500, 500, 500, 500, 500, 500, 500, 500, 500, 500, 500, 500, 500, 500, 500, 500, 500]",1335.393,3834.079,0.123,41601775.436,79.466,64429.928,2.886,1070080,1070080,1070080,1070080,4.512499999999999,39.925,0.0,37.965824,7957.75537109375,-0.2753048539161682,17.65415382385254
7.0,0.0,1.8,500.0,20,4,1111040,0,1111040,False,552,28,6184f_00000,f2b91da2b7784e16a8a98abdfbd268d1,2024-06-12_13-27-16,1718166436,10.638737440109253,286.30489468574524,76400,DESKTOP-LQ219J4,192.168.46.185,286.30489468574524,0,28,"[1.0, 3.0, 0.0, 2.0, 3.0, 2.0, 5.0, 1.0, 0.0, 2.0, 4.0, 0.0, 0.0, 1.0, 0.0, 1.0, 2.0, 4.0, 1.0, 3.0, 1.0, 1.0, 1.0, 3.0, 7.0, 0.0, 2.0, 0.0, 0.0, 1.0, 2.0, 1.0, 1.0, 2.0, 1.0, 0.0, 3.0, 2.0, 2.0, 4.0, 1.0, 2.0, 3.0, 2.0, 2.0, 3.0, 3.0, 1.0, 0.0, 0.0, 0.0, 1.0, 1.0, 2.0, 2.0, 0.0, 0.0, 2.0, 3.0, 2.0, 3.0, 0.0, 2.0, 1.0, 2.0, 1.0, 0.0, 1.0, 3.0, 2.0, 1.0, 1.0, 1.0, 5.0, 6.0, 5.0, 1.0, 3.0, 2.0, 0.0, 3.0, 1.0, 3.0, 2.0, 3.0, 1.0, 3.0, 5.0, 0.0, 4.0, 1.0, 0.0, 0.0, 2.0, 0.0, 1.0, 1.0, 6.0, 5.0, 0.0]","[500, 500, 500, 500, 500, 500, 500, 500, 500, 500, 500, 500, 500, 500, 500, 500, 500, 500, 500, 500, 500, 500, 500, 500, 500, 500, 500, 500, 500, 500, 500, 500, 500, 500, 500, 500, 500, 500, 500, 500, 500, 500, 500, 500, 500, 500, 500, 500, 500, 500, 500, 500, 500, 500, 500, 500, 500, 500, 500, 500, 500, 500, 500, 500, 500, 500, 500, 500, 500, 500, 500, 500, 500, 500, 500, 500, 500, 500, 500, 500, 500, 500, 500, 500, 500, 500, 500, 500, 500, 500, 500, 500, 500, 500, 500, 500, 500, 500, 500, 500]",1344.058,3809.359,0.126,40480370.368,78.247,65433.879,2.903,1111040,1111040,1111040,1111040,4.066666666666666,40.633333333333326,0.0,28.527462,7913.0498046875,-6.632356643676758,17.61195945739746
7.0,0.0,1.9,500.0,24,4,1152000,0,1152000,False,576,29,6184f_00000,f2b91da2b7784e16a8a98abdfbd268d1,2024-06-12_13-27-27,1718166447,10.571533203125,296.87642788887024,76400,DESKTOP-LQ219J4,192.168.46.185,296.87642788887024,0,29,"[7.0, 0.0, 2.0, 0.0, 0.0, 1.0, 2.0, 1.0, 1.0, 2.0, 1.0, 0.0, 3.0, 2.0, 2.0, 4.0, 1.0, 2.0, 3.0, 2.0, 2.0, 3.0, 3.0, 1.0, 0.0, 0.0, 0.0, 1.0, 1.0, 2.0, 2.0, 0.0, 0.0, 2.0, 3.0, 2.0, 3.0, 0.0, 2.0, 1.0, 2.0, 1.0, 0.0, 1.0, 3.0, 2.0, 1.0, 1.0, 1.0, 5.0, 6.0, 5.0, 1.0, 3.0, 2.0, 0.0, 3.0, 1.0, 3.0, 2.0, 3.0, 1.0, 3.0, 5.0, 0.0, 4.0, 1.0, 0.0, 0.0, 2.0, 0.0, 1.0, 1.0, 6.0, 5.0, 0.0, 0.0, 1.0, 3.0, 5.0, 5.0, 0.0, 3.0, 3.0, 3.0, 1.0, 1.0, 1.0, 1.0, 2.0, 3.0, 6.0, 3.0, 0.0, 4.0, 1.0, 1.0, 2.0, 2.0, 0.0]","[500, 500, 500, 500, 500, 500, 500, 500, 500, 500, 500, 500, 500, 500, 500, 500, 500, 500, 500, 500, 500, 500, 500, 500, 500, 500, 500, 500, 500, 500, 500, 500, 500, 500, 500, 500, 500, 500, 500, 500, 500, 500, 500, 500, 500, 500, 500, 500, 500, 500, 500, 500, 500, 500, 500, 500, 500, 500, 500, 500, 500, 500, 500, 500, 500, 500, 500, 500, 500, 500, 500, 500, 500, 500, 500, 500, 500, 500, 500, 500, 500, 500, 500, 500, 500, 500, 500, 500, 500, 500, 500, 500, 500, 500, 500, 500, 500, 500, 500, 500]",1325.886,3861.568,0.126,40633560.038,65.581,78070.953,2.785,1152000,1152000,1152000,1152000,3.906666666666667,41.266666666666666,0.0,241.81667,7973.5751953125,-113.72061920166016,1.931809425354004
6.0,0.0,1.91,500.0,20,4,1192960,0,1192960,False,596,30,6184f_00000,f2b91da2b7784e16a8a98abdfbd268d1,2024-06-12_13-27-37,1718166457,10.541180849075317,307.41760873794556,76400,DESKTOP-LQ219J4,192.168.46.185,307.41760873794556,0,30,"[2.0, 3.0, 3.0, 1.0, 0.0, 0.0, 0.0, 1.0, 1.0, 2.0, 2.0, 0.0, 0.0, 2.0, 3.0, 2.0, 3.0, 0.0, 2.0, 1.0, 2.0, 1.0, 0.0, 1.0, 3.0, 2.0, 1.0, 1.0, 1.0, 5.0, 6.0, 5.0, 1.0, 3.0, 2.0, 0.0, 3.0, 1.0, 3.0, 2.0, 3.0, 1.0, 3.0, 5.0, 0.0, 4.0, 1.0, 0.0, 0.0, 2.0, 0.0, 1.0, 1.0, 6.0, 5.0, 0.0, 0.0, 1.0, 3.0, 5.0, 5.0, 0.0, 3.0, 3.0, 3.0, 1.0, 1.0, 1.0, 1.0, 2.0, 3.0, 6.0, 3.0, 0.0, 4.0, 1.0, 1.0, 2.0, 2.0, 0.0, 1.0, 1.0, 0.0, 3.0, 2.0, 2.0, 2.0, 3.0, 3.0, 2.0, 1.0, 0.0, 2.0, 1.0, 2.0, 2.0, 5.0, 2.0, 1.0, 2.0]","[500, 500, 500, 500, 500, 500, 500, 500, 500, 500, 500, 500, 500, 500, 500, 500, 500, 500, 500, 500, 500, 500, 500, 500, 500, 500, 500, 500, 500, 500, 500, 500, 500, 500, 500, 500, 500, 500, 500, 500, 500, 500, 500, 500, 500, 500, 500, 500, 500, 500, 500, 500, 500, 500, 500, 500, 500, 500, 500, 500, 500, 500, 500, 500, 500, 500, 500, 500, 500, 500, 500, 500, 500, 500, 500, 500, 500, 500, 500, 500, 500, 500, 500, 500, 500, 500, 500, 500, 500, 500, 500, 500, 500, 500, 500, 500, 500, 500, 500, 500]",1323.493,3868.552,0.126,40633560.038,66.381,77130.696,2.754,1192960,1192960,1192960,1192960,4.0,41.96,0.0,57.44463,7917.97705078125,10.435007095336914,21.177654266357422
6.0,0.0,1.96,500.0,20,4,1233920,0,1233920,False,616,31,6184f_00000,f2b91da2b7784e16a8a98abdfbd268d1,2024-06-12_13-27-48,1718166468,10.374133110046387,317.79174184799194,76400,DESKTOP-LQ219J4,192.168.46.185,317.79174184799194,0,31,"[2.0, 1.0, 0.0, 1.0, 3.0, 2.0, 1.0, 1.0, 1.0, 5.0, 6.0, 5.0, 1.0, 3.0, 2.0, 0.0, 3.0, 1.0, 3.0, 2.0, 3.0, 1.0, 3.0, 5.0, 0.0, 4.0, 1.0, 0.0, 0.0, 2.0, 0.0, 1.0, 1.0, 6.0, 5.0, 0.0, 0.0, 1.0, 3.0, 5.0, 5.0, 0.0, 3.0, 3.0, 3.0, 1.0, 1.0, 1.0, 1.0, 2.0, 3.0, 6.0, 3.0, 0.0, 4.0, 1.0, 1.0, 2.0, 2.0, 0.0, 1.0, 1.0, 0.0, 3.0, 2.0, 2.0, 2.0, 3.0, 3.0, 2.0, 1.0, 0.0, 2.0, 1.0, 2.0, 2.0, 5.0, 2.0, 1.0, 2.0, 1.0, 2.0, 0.0, 0.0, 1.0, 0.0, 1.0, 1.0, 1.0, 2.0, 1.0, 3.0, 3.0, 2.0, 4.0, 2.0, 1.0, 1.0, 4.0, 3.0]","[500, 500, 500, 500, 500, 500, 500, 500, 500, 500, 500, 500, 500, 500, 500, 500, 500, 500, 500, 500, 500, 500, 500, 500, 500, 500, 500, 500, 500, 500, 500, 500, 500, 500, 500, 500, 500, 500, 500, 500, 500, 500, 500, 500, 500, 500, 500, 500, 500, 500, 500, 500, 500, 500, 500, 500, 500, 500, 500, 500, 500, 500, 500, 500, 500, 500, 500, 500, 500, 500, 500, 500, 500, 500, 500, 500, 500, 500, 500, 500, 500, 500, 500, 500, 500, 500, 500, 500, 500, 500, 500, 500, 500, 500, 500, 500, 500, 500, 500, 500]",1307.126,3916.992,0.126,40572145.248,66.459,77039.551,2.79,1233920,1233920,1233920,1233920,3.886666666666667,42.633333333333326,0.0,76.46673,7960.5732421875,-43.266666412353516,14.905057907104492
6.0,0.0,1.82,500.0,20,4,1274880,0,1274880,False,636,32,6184f_00000,f2b91da2b7784e16a8a98abdfbd268d1,2024-06-12_13-27-58,1718166478,10.45746898651123,328.2492108345032,76400,DESKTOP-LQ219J4,192.168.46.185,328.2492108345032,0,32,"[3.0, 1.0, 3.0, 5.0, 0.0, 4.0, 1.0, 0.0, 0.0, 2.0, 0.0, 1.0, 1.0, 6.0, 5.0, 0.0, 0.0, 1.0, 3.0, 5.0, 5.0, 0.0, 3.0, 3.0, 3.0, 1.0, 1.0, 1.0, 1.0, 2.0, 3.0, 6.0, 3.0, 0.0, 4.0, 1.0, 1.0, 2.0, 2.0, 0.0, 1.0, 1.0, 0.0, 3.0, 2.0, 2.0, 2.0, 3.0, 3.0, 2.0, 1.0, 0.0, 2.0, 1.0, 2.0, 2.0, 5.0, 2.0, 1.0, 2.0, 1.0, 2.0, 0.0, 0.0, 1.0, 0.0, 1.0, 1.0, 1.0, 2.0, 1.0, 3.0, 3.0, 2.0, 4.0, 2.0, 1.0, 1.0, 4.0, 3.0, 5.0, 0.0, 4.0, 1.0, 0.0, 0.0, 1.0, 1.0, 3.0, 2.0, 0.0, 3.0, 3.0, 1.0, 1.0, 0.0, 0.0, 2.0, 1.0, 1.0]","[500, 500, 500, 500, 500, 500, 500, 500, 500, 500, 500, 500, 500, 500, 500, 500, 500, 500, 500, 500, 500, 500, 500, 500, 500, 500, 500, 500, 500, 500, 500, 500, 500, 500, 500, 500, 500, 500, 500, 500, 500, 500, 500, 500, 500, 500, 500, 500, 500, 500, 500, 500, 500, 500, 500, 500, 500, 500, 500, 500, 500, 500, 500, 500, 500, 500, 500, 500, 500, 500, 500, 500, 500, 500, 500, 500, 500, 500, 500, 500, 500, 500, 500, 500, 500, 500, 500, 500, 500, 500, 500, 500, 500, 500, 500, 500, 500, 500, 500, 500]",1304.079,3926.142,0.128,39938323.377,66.598,76878.679,2.799,1274880,1274880,1274880,1274880,4.04,43.28,0.0,54.302956,7931.23291015625,-19.192047119140625,11.662443161010742
6.0,0.0,1.82,500.0,20,4,1315840,0,1315840,False,656,33,6184f_00000,f2b91da2b7784e16a8a98abdfbd268d1,2024-06-12_13-28-09,1718166489,10.539324522018433,338.7885353565216,76400,DESKTOP-LQ219J4,192.168.46.185,338.7885353565216,0,33,"[5.0, 0.0, 3.0, 3.0, 3.0, 1.0, 1.0, 1.0, 1.0, 2.0, 3.0, 6.0, 3.0, 0.0, 4.0, 1.0, 1.0, 2.0, 2.0, 0.0, 1.0, 1.0, 0.0, 3.0, 2.0, 2.0, 2.0, 3.0, 3.0, 2.0, 1.0, 0.0, 2.0, 1.0, 2.0, 2.0, 5.0, 2.0, 1.0, 2.0, 1.0, 2.0, 0.0, 0.0, 1.0, 0.0, 1.0, 1.0, 1.0, 2.0, 1.0, 3.0, 3.0, 2.0, 4.0, 2.0, 1.0, 1.0, 4.0, 3.0, 5.0, 0.0, 4.0, 1.0, 0.0, 0.0, 1.0, 1.0, 3.0, 2.0, 0.0, 3.0, 3.0, 1.0, 1.0, 0.0, 0.0, 2.0, 1.0, 1.0, 2.0, 0.0, 1.0, 1.0, 1.0, 1.0, 2.0, 0.0, 6.0, 2.0, 6.0, 2.0, 2.0, 3.0, 3.0, 3.0, 1.0, 1.0, 2.0, 2.0]","[500, 500, 500, 500, 500, 500, 500, 500, 500, 500, 500, 500, 500, 500, 500, 500, 500, 500, 500, 500, 500, 500, 500, 500, 500, 500, 500, 500, 500, 500, 500, 500, 500, 500, 500, 500, 500, 500, 500, 500, 500, 500, 500, 500, 500, 500, 500, 500, 500, 500, 500, 500, 500, 500, 500, 500, 500, 500, 500, 500, 500, 500, 500, 500, 500, 500, 500, 500, 500, 500, 500, 500, 500, 500, 500, 500, 500, 500, 500, 500, 500, 500, 500, 500, 500, 500, 500, 500, 500, 500, 500, 500, 500, 500, 500, 500, 500, 500, 500, 500]",1318.517,3883.15,0.128,40087430.427,65.951,77632.958,2.733,1315840,1315840,1315840,1315840,4.300000000000001,43.92000000000001,0.0,44.103546,7948.4248046875,-16.011465072631836,18.528785705566406
6.0,0.0,1.73,500.0,20,4,1356800,0,1356800,False,676,34,6184f_00000,f2b91da2b7784e16a8a98abdfbd268d1,2024-06-12_13-28-19,1718166499,10.72671914100647,349.5152544975281,76400,DESKTOP-LQ219J4,192.168.46.185,349.5152544975281,0,34,"[1.0, 1.0, 0.0, 3.0, 2.0, 2.0, 2.0, 3.0, 3.0, 2.0, 1.0, 0.0, 2.0, 1.0, 2.0, 2.0, 5.0, 2.0, 1.0, 2.0, 1.0, 2.0, 0.0, 0.0, 1.0, 0.0, 1.0, 1.0, 1.0, 2.0, 1.0, 3.0, 3.0, 2.0, 4.0, 2.0, 1.0, 1.0, 4.0, 3.0, 5.0, 0.0, 4.0, 1.0, 0.0, 0.0, 1.0, 1.0, 3.0, 2.0, 0.0, 3.0, 3.0, 1.0, 1.0, 0.0, 0.0, 2.0, 1.0, 1.0, 2.0, 0.0, 1.0, 1.0, 1.0, 1.0, 2.0, 0.0, 6.0, 2.0, 6.0, 2.0, 2.0, 3.0, 3.0, 3.0, 1.0, 1.0, 2.0, 2.0, 1.0, 2.0, 0.0, 0.0, 5.0, 0.0, 3.0, 1.0, 1.0, 1.0, 3.0, 1.0, 4.0, 1.0, 0.0, 2.0, 3.0, 3.0, 2.0, 0.0]","[500, 500, 500, 500, 500, 500, 500, 500, 500, 500, 500, 500, 500, 500, 500, 500, 500, 500, 500, 500, 500, 500, 500, 500, 500, 500, 500, 500, 500, 500, 500, 500, 500, 500, 500, 500, 500, 500, 500, 500, 500, 500, 500, 500, 500, 500, 500, 500, 500, 500, 500, 500, 500, 500, 500, 500, 500, 500, 500, 500, 500, 500, 500, 500, 500, 500, 500, 500, 500, 500, 500, 500, 500, 500, 500, 500, 500, 500, 500, 500, 500, 500, 500, 500, 500, 500, 500, 500, 500, 500, 500, 500, 500, 500, 500, 500, 500, 500, 500, 500]",1331.295,3845.881,0.137,37484441.403,66.834,76607.882,2.787,1356800,1356800,1356800,1356800,4.24,44.58666666666666,0.0,150.4104,7957.4306640625,-83.35221862792969,2.951695442199707
6.0,0.0,1.76,500.0,20,4,1397760,0,1397760,False,696,35,6184f_00000,f2b91da2b7784e16a8a98abdfbd268d1,2024-06-12_13-28-30,1718166510,10.797574281692505,360.3128287792206,76400,DESKTOP-LQ219J4,192.168.46.185,360.3128287792206,0,35,"[1.0, 2.0, 0.0, 0.0, 1.0, 0.0, 1.0, 1.0, 1.0, 2.0, 1.0, 3.0, 3.0, 2.0, 4.0, 2.0, 1.0, 1.0, 4.0, 3.0, 5.0, 0.0, 4.0, 1.0, 0.0, 0.0, 1.0, 1.0, 3.0, 2.0, 0.0, 3.0, 3.0, 1.0, 1.0, 0.0, 0.0, 2.0, 1.0, 1.0, 2.0, 0.0, 1.0, 1.0, 1.0, 1.0, 2.0, 0.0, 6.0, 2.0, 6.0, 2.0, 2.0, 3.0, 3.0, 3.0, 1.0, 1.0, 2.0, 2.0, 1.0, 2.0, 0.0, 0.0, 5.0, 0.0, 3.0, 1.0, 1.0, 1.0, 3.0, 1.0, 4.0, 1.0, 0.0, 2.0, 3.0, 3.0, 2.0, 0.0, 0.0, 3.0, 1.0, 3.0, 0.0, 3.0, 4.0, 0.0, 4.0, 0.0, 2.0, 4.0, 1.0, 1.0, 2.0, 3.0, 0.0, 3.0, 4.0, 2.0]","[500, 500, 500, 500, 500, 500, 500, 500, 500, 500, 500, 500, 500, 500, 500, 500, 500, 500, 500, 500, 500, 500, 500, 500, 500, 500, 500, 500, 500, 500, 500, 500, 500, 500, 500, 500, 500, 500, 500, 500, 500, 500, 500, 500, 500, 500, 500, 500, 500, 500, 500, 500, 500, 500, 500, 500, 500, 500, 500, 500, 500, 500, 500, 500, 500, 500, 500, 500, 500, 500, 500, 500, 500, 500, 500, 500, 500, 500, 500, 500, 500, 500, 500, 500, 500, 500, 500, 500, 500, 500, 500, 500, 500, 500, 500, 500, 500, 500, 500, 500]",1365.062,3750.746,0.133,38457801.719,68.616,74618.285,2.843,1397760,1397760,1397760,1397760,4.59375,45.1875,0.0,49.693356,7943.22802734375,-0.9706697463989258,14.386577606201172
6.0,0.0,1.84,500.0,20,4,1438720,0,1438720,False,716,36,6184f_00000,f2b91da2b7784e16a8a98abdfbd268d1,2024-06-12_13-28-41,1718166521,10.665993690490723,370.9788224697113,76400,DESKTOP-LQ219J4,192.168.46.185,370.9788224697113,0,36,"[5.0, 0.0, 4.0, 1.0, 0.0, 0.0, 1.0, 1.0, 3.0, 2.0, 0.0, 3.0, 3.0, 1.0, 1.0, 0.0, 0.0, 2.0, 1.0, 1.0, 2.0, 0.0, 1.0, 1.0, 1.0, 1.0, 2.0, 0.0, 6.0, 2.0, 6.0, 2.0, 2.0, 3.0, 3.0, 3.0, 1.0, 1.0, 2.0, 2.0, 1.0, 2.0, 0.0, 0.0, 5.0, 0.0, 3.0, 1.0, 1.0, 1.0, 3.0, 1.0, 4.0, 1.0, 0.0, 2.0, 3.0, 3.0, 2.0, 0.0, 0.0, 3.0, 1.0, 3.0, 0.0, 3.0, 4.0, 0.0, 4.0, 0.0, 2.0, 4.0, 1.0, 1.0, 2.0, 3.0, 0.0, 3.0, 4.0, 2.0, 0.0, 1.0, 4.0, 2.0, 1.0, 2.0, 3.0, 5.0, 1.0, 0.0, 1.0, 1.0, 4.0, 1.0, 1.0, 3.0, 1.0, 4.0, 3.0, 3.0]","[500, 500, 500, 500, 500, 500, 500, 500, 500, 500, 500, 500, 500, 500, 500, 500, 500, 500, 500, 500, 500, 500, 500, 500, 500, 500, 500, 500, 500, 500, 500, 500, 500, 500, 500, 500, 500, 500, 500, 500, 500, 500, 500, 500, 500, 500, 500, 500, 500, 500, 500, 500, 500, 500, 500, 500, 500, 500, 500, 500, 500, 500, 500, 500, 500, 500, 500, 500, 500, 500, 500, 500, 500, 500, 500, 500, 500, 500, 500, 500, 500, 500, 500, 500, 500, 500, 500, 500, 500, 500, 500, 500, 500, 500, 500, 500, 500, 500, 500, 500]",1349.172,3794.92,0.13,39432310.834,66.41,77097.08,2.815,1438720,1438720,1438720,1438720,4.08,45.88,0.0,60.236317,7907.783203125,19.021501541137695,27.269784927368164
6.0,0.0,1.85,500.0,20,4,1479680,0,1479680,False,736,37,6184f_00000,f2b91da2b7784e16a8a98abdfbd268d1,2024-06-12_13-28-51,1718166531,10.610395431518555,381.58921790122986,76400,DESKTOP-LQ219J4,192.168.46.185,381.58921790122986,0,37,"[2.0, 0.0, 1.0, 1.0, 1.0, 1.0, 2.0, 0.0, 6.0, 2.0, 6.0, 2.0, 2.0, 3.0, 3.0, 3.0, 1.0, 1.0, 2.0, 2.0, 1.0, 2.0, 0.0, 0.0, 5.0, 0.0, 3.0, 1.0, 1.0, 1.0, 3.0, 1.0, 4.0, 1.0, 0.0, 2.0, 3.0, 3.0, 2.0, 0.0, 0.0, 3.0, 1.0, 3.0, 0.0, 3.0, 4.0, 0.0, 4.0, 0.0, 2.0, 4.0, 1.0, 1.0, 2.0, 3.0, 0.0, 3.0, 4.0, 2.0, 0.0, 1.0, 4.0, 2.0, 1.0, 2.0, 3.0, 5.0, 1.0, 0.0, 1.0, 1.0, 4.0, 1.0, 1.0, 3.0, 1.0, 4.0, 3.0, 3.0, 2.0, 2.0, 1.0, 4.0, 3.0, 0.0, 2.0, 2.0, 1.0, 1.0, 1.0, 1.0, 3.0, 0.0, 0.0, 1.0, 2.0, 1.0, 2.0, 1.0]","[500, 500, 500, 500, 500, 500, 500, 500, 500, 500, 500, 500, 500, 500, 500, 500, 500, 500, 500, 500, 500, 500, 500, 500, 500, 500, 500, 500, 500, 500, 500, 500, 500, 500, 500, 500, 500, 500, 500, 500, 500, 500, 500, 500, 500, 500, 500, 500, 500, 500, 500, 500, 500, 500, 500, 500, 500, 500, 500, 500, 500, 500, 500, 500, 500, 500, 500, 500, 500, 500, 500, 500, 500, 500, 500, 500, 500, 500, 500, 500, 500, 500, 500, 500, 500, 500, 500, 500, 500, 500, 500, 500, 500, 500, 500, 500, 500, 500, 500, 500]",1320.816,3876.393,0.134,38157136.603,70.911,72203.279,2.887,1479680,1479680,1479680,1479680,4.113333333333333,46.52666666666666,0.0,123.940346,7912.138671875,54.37655258178711,26.923837661743164
6.0,0.0,1.93,500.0,24,4,1520640,0,1520640,False,760,38,6184f_00000,f2b91da2b7784e16a8a98abdfbd268d1,2024-06-12_13-29-02,1718166542,10.731356859207153,392.320574760437,76400,DESKTOP-LQ219J4,192.168.46.185,392.320574760437,0,38,"[5.0, 0.0, 3.0, 1.0, 1.0, 1.0, 3.0, 1.0, 4.0, 1.0, 0.0, 2.0, 3.0, 3.0, 2.0, 0.0, 0.0, 3.0, 1.0, 3.0, 0.0, 3.0, 4.0, 0.0, 4.0, 0.0, 2.0, 4.0, 1.0, 1.0, 2.0, 3.0, 0.0, 3.0, 4.0, 2.0, 0.0, 1.0, 4.0, 2.0, 1.0, 2.0, 3.0, 5.0, 1.0, 0.0, 1.0, 1.0, 4.0, 1.0, 1.0, 3.0, 1.0, 4.0, 3.0, 3.0, 2.0, 2.0, 1.0, 4.0, 3.0, 0.0, 2.0, 2.0, 1.0, 1.0, 1.0, 1.0, 3.0, 0.0, 0.0, 1.0, 2.0, 1.0, 2.0, 1.0, 3.0, 4.0, 5.0, 5.0, 1.0, 0.0, 2.0, 4.0, 1.0, 1.0, 4.0, 0.0, 2.0, 0.0, 3.0, 1.0, 4.0, 6.0, 0.0, 1.0, 2.0, 0.0, 1.0, 2.0]","[500, 500, 500, 500, 500, 500, 500, 500, 500, 500, 500, 500, 500, 500, 500, 500, 500, 500, 500, 500, 500, 500, 500, 500, 500, 500, 500, 500, 500, 500, 500, 500, 500, 500, 500, 500, 500, 500, 500, 500, 500, 500, 500, 500, 500, 500, 500, 500, 500, 500, 500, 500, 500, 500, 500, 500, 500, 500, 500, 500, 500, 500, 500, 500, 500, 500, 500, 500, 500, 500, 500, 500, 500, 500, 500, 500, 500, 500, 500, 500, 500, 500, 500, 500, 500, 500, 500, 500, 500, 500, 500, 500, 500, 500, 500, 500, 500, 500, 500, 500]",1343.616,3810.613,0.135,37914612.429,67.547,75799.06,2.93,1520640,1520640,1520640,1520640,4.24,47.17999999999999,0.0,99.88272,7959.85546875,0.13507556915283203,47.02057647705078
6.0,0.0,1.91,500.0,20,4,1561600,0,1561600,False,780,39,6184f_00000,f2b91da2b7784e16a8a98abdfbd268d1,2024-06-12_13-29-13,1718166553,10.425106763839722,402.74568152427673,76400,DESKTOP-LQ219J4,192.168.46.185,402.74568152427673,0,39,"[0.0, 3.0, 4.0, 0.0, 4.0, 0.0, 2.0, 4.0, 1.0, 1.0, 2.0, 3.0, 0.0, 3.0, 4.0, 2.0, 0.0, 1.0, 4.0, 2.0, 1.0, 2.0, 3.0, 5.0, 1.0, 0.0, 1.0, 1.0, 4.0, 1.0, 1.0, 3.0, 1.0, 4.0, 3.0, 3.0, 2.0, 2.0, 1.0, 4.0, 3.0, 0.0, 2.0, 2.0, 1.0, 1.0, 1.0, 1.0, 3.0, 0.0, 0.0, 1.0, 2.0, 1.0, 2.0, 1.0, 3.0, 4.0, 5.0, 5.0, 1.0, 0.0, 2.0, 4.0, 1.0, 1.0, 4.0, 0.0, 2.0, 0.0, 3.0, 1.0, 4.0, 6.0, 0.0, 1.0, 2.0, 0.0, 1.0, 2.0, 4.0, 1.0, 1.0, 3.0, 1.0, 2.0, 3.0, 1.0, 2.0, 2.0, 1.0, 1.0, 2.0, 0.0, 5.0, 2.0, 4.0, 0.0, 0.0, 0.0]","[500, 500, 500, 500, 500, 500, 500, 500, 500, 500, 500, 500, 500, 500, 500, 500, 500, 500, 500, 500, 500, 500, 500, 500, 500, 500, 500, 500, 500, 500, 500, 500, 500, 500, 500, 500, 500, 500, 500, 500, 500, 500, 500, 500, 500, 500, 500, 500, 500, 500, 500, 500, 500, 500, 500, 500, 500, 500, 500, 500, 500, 500, 500, 500, 500, 500, 500, 500, 500, 500, 500, 500, 500, 500, 500, 500, 500, 500, 500, 500, 500, 500, 500, 500, 500, 500, 500, 500, 500, 500, 500, 500, 500, 500, 500, 500, 500, 500, 500, 500]",1315.194,3892.961,0.143,35821245.171,65.575,78079.014,2.904,1561600,1561600,1561600,1561600,4.153333333333333,47.84,0.0,94.22258,7921.72802734375,-51.66926956176758,19.74483299255371
7.0,0.0,1.92,500.0,20,4,1602560,0,1602560,False,800,40,6184f_00000,f2b91da2b7784e16a8a98abdfbd268d1,2024-06-12_13-29-23,1718166563,10.387319087982178,413.1330006122589,76400,DESKTOP-LQ219J4,192.168.46.185,413.1330006122589,0,40,"[1.0, 2.0, 3.0, 5.0, 1.0, 0.0, 1.0, 1.0, 4.0, 1.0, 1.0, 3.0, 1.0, 4.0, 3.0, 3.0, 2.0, 2.0, 1.0, 4.0, 3.0, 0.0, 2.0, 2.0, 1.0, 1.0, 1.0, 1.0, 3.0, 0.0, 0.0, 1.0, 2.0, 1.0, 2.0, 1.0, 3.0, 4.0, 5.0, 5.0, 1.0, 0.0, 2.0, 4.0, 1.0, 1.0, 4.0, 0.0, 2.0, 0.0, 3.0, 1.0, 4.0, 6.0, 0.0, 1.0, 2.0, 0.0, 1.0, 2.0, 4.0, 1.0, 1.0, 3.0, 1.0, 2.0, 3.0, 1.0, 2.0, 2.0, 1.0, 1.0, 2.0, 0.0, 5.0, 2.0, 4.0, 0.0, 0.0, 0.0, 2.0, 2.0, 1.0, 7.0, 3.0, 1.0, 2.0, 2.0, 1.0, 2.0, 2.0, 3.0, 2.0, 2.0, 6.0, 2.0, 0.0, 1.0, 0.0, 0.0]","[500, 500, 500, 500, 500, 500, 500, 500, 500, 500, 500, 500, 500, 500, 500, 500, 500, 500, 500, 500, 500, 500, 500, 500, 500, 500, 500, 500, 500, 500, 500, 500, 500, 500, 500, 500, 500, 500, 500, 500, 500, 500, 500, 500, 500, 500, 500, 500, 500, 500, 500, 500, 500, 500, 500, 500, 500, 500, 500, 500, 500, 500, 500, 500, 500, 500, 500, 500, 500, 500, 500, 500, 500, 500, 500, 500, 500, 500, 500, 500, 500, 500, 500, 500, 500, 500, 500, 500, 500, 500, 500, 500, 500, 500, 500, 500, 500, 500, 500, 500]",1301.589,3933.654,0.145,35407809.53,66.22,77317.477,2.85,1602560,1602560,1602560,1602560,3.933333333333333,48.513333333333335,0.0,47.802677,7950.0947265625,-20.738637924194336,16.640668869018555
7.0,0.0,1.89,500.0,20,4,1643520,0,1643520,False,820,41,6184f_00000,f2b91da2b7784e16a8a98abdfbd268d1,2024-06-12_13-29-34,1718166574,10.560309410095215,423.6933100223541,76400,DESKTOP-LQ219J4,192.168.46.185,423.6933100223541,0,41,"[3.0, 0.0, 2.0, 2.0, 1.0, 1.0, 1.0, 1.0, 3.0, 0.0, 0.0, 1.0, 2.0, 1.0, 2.0, 1.0, 3.0, 4.0, 5.0, 5.0, 1.0, 0.0, 2.0, 4.0, 1.0, 1.0, 4.0, 0.0, 2.0, 0.0, 3.0, 1.0, 4.0, 6.0, 0.0, 1.0, 2.0, 0.0, 1.0, 2.0, 4.0, 1.0, 1.0, 3.0, 1.0, 2.0, 3.0, 1.0, 2.0, 2.0, 1.0, 1.0, 2.0, 0.0, 5.0, 2.0, 4.0, 0.0, 0.0, 0.0, 2.0, 2.0, 1.0, 7.0, 3.0, 1.0, 2.0, 2.0, 1.0, 2.0, 2.0, 3.0, 2.0, 2.0, 6.0, 2.0, 0.0, 1.0, 0.0, 0.0, 0.0, 1.0, 1.0, 3.0, 1.0, 4.0, 2.0, 3.0, 2.0, 2.0, 1.0, 1.0, 7.0, 0.0, 3.0, 2.0, 3.0, 2.0, 1.0, 1.0]","[500, 500, 500, 500, 500, 500, 500, 500, 500, 500, 500, 500, 500, 500, 500, 500, 500, 500, 500, 500, 500, 500, 500, 500, 500, 500, 500, 500, 500, 500, 500, 500, 500, 500, 500, 500, 500, 500, 500, 500, 500, 500, 500, 500, 500, 500, 500, 500, 500, 500, 500, 500, 500, 500, 500, 500, 500, 500, 500, 500, 500, 500, 500, 500, 500, 500, 500, 500, 500, 500, 500, 500, 500, 500, 500, 500, 500, 500, 500, 500, 500, 500, 500, 500, 500, 500, 500, 500, 500, 500, 500, 500, 500, 500, 500, 500, 500, 500, 500, 500]",1314.793,3894.149,0.145,35274041.524,67.789,75528.684,2.855,1643520,1643520,1643520,1643520,3.96,49.17999999999999,0.0,221.27383,7960.89453125,-114.46199798583984,9.561905860900879
7.0,0.0,1.98,500.0,20,4,1684480,0,1684480,False,840,42,6184f_00000,f2b91da2b7784e16a8a98abdfbd268d1,2024-06-12_13-29-44,1718166584,10.897026300430298,434.5903363227844,76400,DESKTOP-LQ219J4,192.168.46.185,434.5903363227844,0,42,"[1.0, 0.0, 2.0, 4.0, 1.0, 1.0, 4.0, 0.0, 2.0, 0.0, 3.0, 1.0, 4.0, 6.0, 0.0, 1.0, 2.0, 0.0, 1.0, 2.0, 4.0, 1.0, 1.0, 3.0, 1.0, 2.0, 3.0, 1.0, 2.0, 2.0, 1.0, 1.0, 2.0, 0.0, 5.0, 2.0, 4.0, 0.0, 0.0, 0.0, 2.0, 2.0, 1.0, 7.0, 3.0, 1.0, 2.0, 2.0, 1.0, 2.0, 2.0, 3.0, 2.0, 2.0, 6.0, 2.0, 0.0, 1.0, 0.0, 0.0, 0.0, 1.0, 1.0, 3.0, 1.0, 4.0, 2.0, 3.0, 2.0, 2.0, 1.0, 1.0, 7.0, 0.0, 3.0, 2.0, 3.0, 2.0, 1.0, 1.0, 2.0, 3.0, 3.0, 3.0, 2.0, 1.0, 1.0, 1.0, 3.0, 0.0, 1.0, 1.0, 6.0, 4.0, 2.0, 3.0, 5.0, 2.0, 2.0, 2.0]","[500, 500, 500, 500, 500, 500, 500, 500, 500, 500, 500, 500, 500, 500, 500, 500, 500, 500, 500, 500, 500, 500, 500, 500, 500, 500, 500, 500, 500, 500, 500, 500, 500, 500, 500, 500, 500, 500, 500, 500, 500, 500, 500, 500, 500, 500, 500, 500, 500, 500, 500, 500, 500, 500, 500, 500, 500, 500, 500, 500, 500, 500, 500, 500, 500, 500, 500, 500, 500, 500, 500, 500, 500, 500, 500, 500, 500, 500, 500, 500, 500, 500, 500, 500, 500, 500, 500, 500, 500, 500, 500, 500, 500, 500, 500, 500, 500, 500, 500, 500]",1351.608,3788.08,0.157,32661348.259,67.786,75531.632,2.831,1684480,1684480,1684480,1684480,4.13125,49.85625,0.0,99.06898,7894.888671875,-49.07720184326172,17.26494026184082
7.0,0.0,1.97,500.0,20,4,1725440,0,1725440,False,860,43,6184f_00000,f2b91da2b7784e16a8a98abdfbd268d1,2024-06-12_13-29-55,1718166595,10.84433388710022,445.43467020988464,76400,DESKTOP-LQ219J4,192.168.46.185,445.43467020988464,0,43,"[4.0, 1.0, 1.0, 3.0, 1.0, 2.0, 3.0, 1.0, 2.0, 2.0, 1.0, 1.0, 2.0, 0.0, 5.0, 2.0, 4.0, 0.0, 0.0, 0.0, 2.0, 2.0, 1.0, 7.0, 3.0, 1.0, 2.0, 2.0, 1.0, 2.0, 2.0, 3.0, 2.0, 2.0, 6.0, 2.0, 0.0, 1.0, 0.0, 0.0, 0.0, 1.0, 1.0, 3.0, 1.0, 4.0, 2.0, 3.0, 2.0, 2.0, 1.0, 1.0, 7.0, 0.0, 3.0, 2.0, 3.0, 2.0, 1.0, 1.0, 2.0, 3.0, 3.0, 3.0, 2.0, 1.0, 1.0, 1.0, 3.0, 0.0, 1.0, 1.0, 6.0, 4.0, 2.0, 3.0, 5.0, 2.0, 2.0, 2.0, 2.0, 3.0, 2.0, 1.0, 2.0, 3.0, 1.0, 1.0, 0.0, 0.0, 1.0, 4.0, 3.0, 3.0, 3.0, 1.0, 1.0, 0.0, 1.0, 2.0]","[500, 500, 500, 500, 500, 500, 500, 500, 500, 500, 500, 500, 500, 500, 500, 500, 500, 500, 500, 500, 500, 500, 500, 500, 500, 500, 500, 500, 500, 500, 500, 500, 500, 500, 500, 500, 500, 500, 500, 500, 500, 500, 500, 500, 500, 500, 500, 500, 500, 500, 500, 500, 500, 500, 500, 500, 500, 500, 500, 500, 500, 500, 500, 500, 500, 500, 500, 500, 500, 500, 500, 500, 500, 500, 500, 500, 500, 500, 500, 500, 500, 500, 500, 500, 500, 500, 500, 500, 500, 500, 500, 500, 500, 500, 500, 500, 500, 500, 500, 500]",1373.131,3728.704,0.172,29793058.38,69.925,73221.735,2.836,1725440,1725440,1725440,1725440,4.373333333333333,50.52666666666667,0.0,62.639366,7956.390625,13.362507820129395,14.693380355834961
7.0,0.0,1.96,500.0,20,4,1766400,0,1766400,False,880,44,6184f_00000,f2b91da2b7784e16a8a98abdfbd268d1,2024-06-12_13-30-06,1718166606,10.902008295059204,456.33667850494385,76400,DESKTOP-LQ219J4,192.168.46.185,456.33667850494385,0,44,"[2.0, 2.0, 1.0, 7.0, 3.0, 1.0, 2.0, 2.0, 1.0, 2.0, 2.0, 3.0, 2.0, 2.0, 6.0, 2.0, 0.0, 1.0, 0.0, 0.0, 0.0, 1.0, 1.0, 3.0, 1.0, 4.0, 2.0, 3.0, 2.0, 2.0, 1.0, 1.0, 7.0, 0.0, 3.0, 2.0, 3.0, 2.0, 1.0, 1.0, 2.0, 3.0, 3.0, 3.0, 2.0, 1.0, 1.0, 1.0, 3.0, 0.0, 1.0, 1.0, 6.0, 4.0, 2.0, 3.0, 5.0, 2.0, 2.0, 2.0, 2.0, 3.0, 2.0, 1.0, 2.0, 3.0, 1.0, 1.0, 0.0, 0.0, 1.0, 4.0, 3.0, 3.0, 3.0, 1.0, 1.0, 0.0, 1.0, 2.0, 4.0, 1.0, 1.0, 2.0, 2.0, 1.0, 0.0, 2.0, 1.0, 0.0, 1.0, 3.0, 1.0, 2.0, 6.0, 0.0, 1.0, 3.0, 2.0, 1.0]","[500, 500, 500, 500, 500, 500, 500, 500, 500, 500, 500, 500, 500, 500, 500, 500, 500, 500, 500, 500, 500, 500, 500, 500, 500, 500, 500, 500, 500, 500, 500, 500, 500, 500, 500, 500, 500, 500, 500, 500, 500, 500, 500, 500, 500, 500, 500, 500, 500, 500, 500, 500, 500, 500, 500, 500, 500, 500, 500, 500, 500, 500, 500, 500, 500, 500, 500, 500, 500, 500, 500, 500, 500, 500, 500, 500, 500, 500, 500, 500, 500, 500, 500, 500, 500, 500, 500, 500, 500, 500, 500, 500, 500, 500, 500, 500, 500, 500, 500, 500]",1359.185,3766.963,0.151,33963049.945,67.634,75701.772,2.841,1766400,1766400,1766400,1766400,4.725,51.16875,0.0,36.554623,7955.94677734375,-20.600692749023438,6.454331398010254
8.0,0.0,2.0,500.0,20,4,1807360,0,1807360,False,900,45,6184f_00000,f2b91da2b7784e16a8a98abdfbd268d1,2024-06-12_13-30-17,1718166617,10.668998718261719,467.00567722320557,76400,DESKTOP-LQ219J4,192.168.46.185,467.00567722320557,0,45,"[0.0, 1.0, 1.0, 3.0, 1.0, 4.0, 2.0, 3.0, 2.0, 2.0, 1.0, 1.0, 7.0, 0.0, 3.0, 2.0, 3.0, 2.0, 1.0, 1.0, 2.0, 3.0, 3.0, 3.0, 2.0, 1.0, 1.0, 1.0, 3.0, 0.0, 1.0, 1.0, 6.0, 4.0, 2.0, 3.0, 5.0, 2.0, 2.0, 2.0, 2.0, 3.0, 2.0, 1.0, 2.0, 3.0, 1.0, 1.0, 0.0, 0.0, 1.0, 4.0, 3.0, 3.0, 3.0, 1.0, 1.0, 0.0, 1.0, 2.0, 4.0, 1.0, 1.0, 2.0, 2.0, 1.0, 0.0, 2.0, 1.0, 0.0, 1.0, 3.0, 1.0, 2.0, 6.0, 0.0, 1.0, 3.0, 2.0, 1.0, 1.0, 3.0, 2.0, 3.0, 1.0, 2.0, 0.0, 8.0, 1.0, 5.0, 1.0, 0.0, 2.0, 2.0, 4.0, 2.0, 1.0, 1.0, 2.0, 4.0]","[500, 500, 500, 500, 500, 500, 500, 500, 500, 500, 500, 500, 500, 500, 500, 500, 500, 500, 500, 500, 500, 500, 500, 500, 500, 500, 500, 500, 500, 500, 500, 500, 500, 500, 500, 500, 500, 500, 500, 500, 500, 500, 500, 500, 500, 500, 500, 500, 500, 500, 500, 500, 500, 500, 500, 500, 500, 500, 500, 500, 500, 500, 500, 500, 500, 500, 500, 500, 500, 500, 500, 500, 500, 500, 500, 500, 500, 500, 500, 500, 500, 500, 500, 500, 500, 500, 500, 500, 500, 500, 500, 500, 500, 500, 500, 500, 500, 500, 500, 500]",1346.496,3802.462,0.144,35577926.574,66.993,76426.169,2.913,1807360,1807360,1807360,1807360,4.013333333333333,51.826666666666675,0.0,60.38677,7878.8466796875,-35.11016845703125,12.610917091369629
8.0,0.0,2.0,500.0,24,4,1848320,0,1848320,False,924,46,6184f_00000,f2b91da2b7784e16a8a98abdfbd268d1,2024-06-12_13-30-28,1718166628,10.834883451461792,477.84056067466736,76400,DESKTOP-LQ219J4,192.168.46.185,477.84056067466736,0,46,"[2.0, 1.0, 1.0, 1.0, 3.0, 0.0, 1.0, 1.0, 6.0, 4.0, 2.0, 3.0, 5.0, 2.0, 2.0, 2.0, 2.0, 3.0, 2.0, 1.0, 2.0, 3.0, 1.0, 1.0, 0.0, 0.0, 1.0, 4.0, 3.0, 3.0, 3.0, 1.0, 1.0, 0.0, 1.0, 2.0, 4.0, 1.0, 1.0, 2.0, 2.0, 1.0, 0.0, 2.0, 1.0, 0.0, 1.0, 3.0, 1.0, 2.0, 6.0, 0.0, 1.0, 3.0, 2.0, 1.0, 1.0, 3.0, 2.0, 3.0, 1.0, 2.0, 0.0, 8.0, 1.0, 5.0, 1.0, 0.0, 2.0, 2.0, 4.0, 2.0, 1.0, 1.0, 2.0, 4.0, 2.0, 1.0, 2.0, 1.0, 2.0, 3.0, 0.0, 2.0, 0.0, 3.0, 4.0, 1.0, 2.0, 1.0, 0.0, 6.0, 1.0, 3.0, 2.0, 2.0, 6.0, 1.0, 4.0, 2.0]","[500, 500, 500, 500, 500, 500, 500, 500, 500, 500, 500, 500, 500, 500, 500, 500, 500, 500, 500, 500, 500, 500, 500, 500, 500, 500, 500, 500, 500, 500, 500, 500, 500, 500, 500, 500, 500, 500, 500, 500, 500, 500, 500, 500, 500, 500, 500, 500, 500, 500, 500, 500, 500, 500, 500, 500, 500, 500, 500, 500, 500, 500, 500, 500, 500, 500, 500, 500, 500, 500, 500, 500, 500, 500, 500, 500, 500, 500, 500, 500, 500, 500, 500, 500, 500, 500, 500, 500, 500, 500, 500, 500, 500, 500, 500, 500, 500, 500, 500, 500]",1347.665,3799.164,0.146,34963914.816,70.199,72935.548,2.865,1848320,1848320,1848320,1848320,4.546666666666666,52.46666666666667,0.0,173.24887,7930.3974609375,58.56828689575195,47.43319320678711
8.0,0.0,2.02,500.0,20,4,1889280,0,1889280,False,944,47,6184f_00000,f2b91da2b7784e16a8a98abdfbd268d1,2024-06-12_13-30-39,1718166639,10.989173173904419,488.8297338485718,76400,DESKTOP-LQ219J4,192.168.46.185,488.8297338485718,0,47,"[2.0, 3.0, 1.0, 1.0, 0.0, 0.0, 1.0, 4.0, 3.0, 3.0, 3.0, 1.0, 1.0, 0.0, 1.0, 2.0, 4.0, 1.0, 1.0, 2.0, 2.0, 1.0, 0.0, 2.0, 1.0, 0.0, 1.0, 3.0, 1.0, 2.0, 6.0, 0.0, 1.0, 3.0, 2.0, 1.0, 1.0, 3.0, 2.0, 3.0, 1.0, 2.0, 0.0, 8.0, 1.0, 5.0, 1.0, 0.0, 2.0, 2.0, 4.0, 2.0, 1.0, 1.0, 2.0, 4.0, 2.0, 1.0, 2.0, 1.0, 2.0, 3.0, 0.0, 2.0, 0.0, 3.0, 4.0, 1.0, 2.0, 1.0, 0.0, 6.0, 1.0, 3.0, 2.0, 2.0, 6.0, 1.0, 4.0, 2.0, 1.0, 1.0, 3.0, 4.0, 1.0, 5.0, 1.0, 2.0, 1.0, 3.0, 2.0, 1.0, 3.0, 3.0, 4.0, 3.0, 1.0, 0.0, 5.0, 2.0]","[500, 500, 500, 500, 500, 500, 500, 500, 500, 500, 500, 500, 500, 500, 500, 500, 500, 500, 500, 500, 500, 500, 500, 500, 500, 500, 500, 500, 500, 500, 500, 500, 500, 500, 500, 500, 500, 500, 500, 500, 500, 500, 500, 500, 500, 500, 500, 500, 500, 500, 500, 500, 500, 500, 500, 500, 500, 500, 500, 500, 500, 500, 500, 500, 500, 500, 500, 500, 500, 500, 500, 500, 500, 500, 500, 500, 500, 500, 500, 500, 500, 500, 500, 500, 500, 500, 500, 500, 500, 500, 500, 500, 500, 500, 500, 500, 500, 500, 500, 500]",1368.672,3740.853,0.147,34715222.244,69.379,73797.221,2.912,1889280,1889280,1889280,1889280,4.625,53.1375,0.0,49.252712,7943.0458984375,10.535940170288086,22.058652877807617
11.0,0.0,2.31,500.0,20,4,1930240,0,1930240,False,964,48,6184f_00000,f2b91da2b7784e16a8a98abdfbd268d1,2024-06-12_13-30-50,1718166650,10.84249997138977,499.67223381996155,76400,DESKTOP-LQ219J4,192.168.46.185,499.67223381996155,0,48,"[2.0, 1.0, 0.0, 2.0, 1.0, 0.0, 1.0, 3.0, 1.0, 2.0, 6.0, 0.0, 1.0, 3.0, 2.0, 1.0, 1.0, 3.0, 2.0, 3.0, 1.0, 2.0, 0.0, 8.0, 1.0, 5.0, 1.0, 0.0, 2.0, 2.0, 4.0, 2.0, 1.0, 1.0, 2.0, 4.0, 2.0, 1.0, 2.0, 1.0, 2.0, 3.0, 0.0, 2.0, 0.0, 3.0, 4.0, 1.0, 2.0, 1.0, 0.0, 6.0, 1.0, 3.0, 2.0, 2.0, 6.0, 1.0, 4.0, 2.0, 1.0, 1.0, 3.0, 4.0, 1.0, 5.0, 1.0, 2.0, 1.0, 3.0, 2.0, 1.0, 3.0, 3.0, 4.0, 3.0, 1.0, 0.0, 5.0, 2.0, 1.0, 1.0, 2.0, 5.0, 3.0, 4.0, 5.0, 5.0, 4.0, 0.0, 2.0, 11.0, 2.0, 2.0, 3.0, 1.0, 3.0, 2.0, 2.0, 5.0]","[500, 500, 500, 500, 500, 500, 500, 500, 500, 500, 500, 500, 500, 500, 500, 500, 500, 500, 500, 500, 500, 500, 500, 500, 500, 500, 500, 500, 500, 500, 500, 500, 500, 500, 500, 500, 500, 500, 500, 500, 500, 500, 500, 500, 500, 500, 500, 500, 500, 500, 500, 500, 500, 500, 500, 500, 500, 500, 500, 500, 500, 500, 500, 500, 500, 500, 500, 500, 500, 500, 500, 500, 500, 500, 500, 500, 500, 500, 500, 500, 500, 500, 500, 500, 500, 500, 500, 500, 500, 500, 500, 500, 500, 500, 500, 500, 500, 500, 500, 500]",1363.505,3755.029,0.157,32656381.509,74.219,68985.463,2.833,1930240,1930240,1930240,1930240,4.7125,53.74375,0.0,74.54672,7925.80078125,-30.752044677734375,34.134159088134766
11.0,0.0,2.54,500.0,20,4,1971200,0,1971200,False,984,49,6184f_00000,f2b91da2b7784e16a8a98abdfbd268d1,2024-06-12_13-31-01,1718166661,10.964316129684448,510.636549949646,76400,DESKTOP-LQ219J4,192.168.46.185,510.636549949646,0,49,"[1.0, 2.0, 0.0, 8.0, 1.0, 5.0, 1.0, 0.0, 2.0, 2.0, 4.0, 2.0, 1.0, 1.0, 2.0, 4.0, 2.0, 1.0, 2.0, 1.0, 2.0, 3.0, 0.0, 2.0, 0.0, 3.0, 4.0, 1.0, 2.0, 1.0, 0.0, 6.0, 1.0, 3.0, 2.0, 2.0, 6.0, 1.0, 4.0, 2.0, 1.0, 1.0, 3.0, 4.0, 1.0, 5.0, 1.0, 2.0, 1.0, 3.0, 2.0, 1.0, 3.0, 3.0, 4.0, 3.0, 1.0, 0.0, 5.0, 2.0, 1.0, 1.0, 2.0, 5.0, 3.0, 4.0, 5.0, 5.0, 4.0, 0.0, 2.0, 11.0, 2.0, 2.0, 3.0, 1.0, 3.0, 2.0, 2.0, 5.0, 0.0, 3.0, 1.0, 6.0, 2.0, 3.0, 5.0, 5.0, 5.0, 4.0, 3.0, 1.0, 0.0, 2.0, 2.0, 2.0, 4.0, 3.0, 4.0, 3.0]","[500, 500, 500, 500, 500, 500, 500, 500, 500, 500, 500, 500, 500, 500, 500, 500, 500, 500, 500, 500, 500, 500, 500, 500, 500, 500, 500, 500, 500, 500, 500, 500, 500, 500, 500, 500, 500, 500, 500, 500, 500, 500, 500, 500, 500, 500, 500, 500, 500, 500, 500, 500, 500, 500, 500, 500, 500, 500, 500, 500, 500, 500, 500, 500, 500, 500, 500, 500, 500, 500, 500, 500, 500, 500, 500, 500, 500, 500, 500, 500, 500, 500, 500, 500, 500, 500, 500, 500, 500, 500, 500, 500, 500, 500, 500, 500, 500, 500, 500, 500]",1364.359,3752.678,0.155,32941918.208,68.432,74818.697,2.983,1971200,1971200,1971200,1971200,4.453333333333332,54.38,0.0,148.10864,7887.916015625,37.37828826904297,43.13669967651367
11.0,0.0,2.61,500.0,20,4,2012160,0,2012160,True,1004,50,6184f_00000,f2b91da2b7784e16a8a98abdfbd268d1,2024-06-12_13-31-16,1718166676,15.346712589263916,525.9832625389099,76400,DESKTOP-LQ219J4,192.168.46.185,525.9832625389099,0,50,"[2.0, 3.0, 0.0, 2.0, 0.0, 3.0, 4.0, 1.0, 2.0, 1.0, 0.0, 6.0, 1.0, 3.0, 2.0, 2.0, 6.0, 1.0, 4.0, 2.0, 1.0, 1.0, 3.0, 4.0, 1.0, 5.0, 1.0, 2.0, 1.0, 3.0, 2.0, 1.0, 3.0, 3.0, 4.0, 3.0, 1.0, 0.0, 5.0, 2.0, 1.0, 1.0, 2.0, 5.0, 3.0, 4.0, 5.0, 5.0, 4.0, 0.0, 2.0, 11.0, 2.0, 2.0, 3.0, 1.0, 3.0, 2.0, 2.0, 5.0, 0.0, 3.0, 1.0, 6.0, 2.0, 3.0, 5.0, 5.0, 5.0, 4.0, 3.0, 1.0, 0.0, 2.0, 2.0, 2.0, 4.0, 3.0, 4.0, 3.0, 6.0, 0.0, 2.0, 4.0, 4.0, 3.0, 1.0, 2.0, 4.0, 4.0, 5.0, 0.0, 1.0, 2.0, 1.0, 4.0, 2.0, 1.0, 0.0, 3.0]","[500, 500, 500, 500, 500, 500, 500, 500, 500, 500, 500, 500, 500, 500, 500, 500, 500, 500, 500, 500, 500, 500, 500, 500, 500, 500, 500, 500, 500, 500, 500, 500, 500, 500, 500, 500, 500, 500, 500, 500, 500, 500, 500, 500, 500, 500, 500, 500, 500, 500, 500, 500, 500, 500, 500, 500, 500, 500, 500, 500, 500, 500, 500, 500, 500, 500, 500, 500, 500, 500, 500, 500, 500, 500, 500, 500, 500, 500, 500, 500, 500, 500, 500, 500, 500, 500, 500, 500, 500, 500, 500, 500, 500, 500, 500, 500, 500, 500, 500, 500]",1362.807,3756.952,0.153,33455112.136,68.939,74268.716,2.929,2012160,2012160,2012160,2012160,4.45,55.12272727272728,0.0,88.69042,7896.1357421875,35.645999908447266,20.03581428527832
